date,trend_slug,trend_label,average_relative_interest,countries_available,cumulative_average_relative_interest
2010-01-01,camelbak_water_bottle,CamelBak,0.0,6,0.0
2010-02-01,camelbak_water_bottle,CamelBak,0.0,6,0.0
2010-03-01,camelbak_water_bottle,CamelBak,0.0,6,0.0
2010-04-01,camelbak_water_bottle,CamelBak,0.0,6,0.0
2010-05-01,camelbak_water_bottle,CamelBak,0.0,6,0.0
2010-06-01,camelbak_water_bottle,CamelBak,0.0,6,0.0
2010-07-01,camelbak_water_bottle,CamelBak,0.0,6,0.0
2010-08-01,camelbak_water_bottle,CamelBak,0.0,6,0.0
2010-09-01,camelbak_water_bottle,CamelBak,0.0,6,0.0
2010-10-01,camelbak_water_bottle,CamelBak,0.0,6,0.0
2010-11-01,camelbak_water_bottle,CamelBak,0.0,6,0.0
2010-12-01,camelbak_water_bottle,CamelBak,0.0,6,0.0
2011-01-01,camelbak_water_bottle,CamelBak,0.0,6,0.0
2011-02-01,camelbak_water_bottle,CamelBak,0.0,6,0.0
2011-03-01,camelbak_water_bottle,CamelBak,0.0,6,0.0
2011-04-01,camelbak_water_bottle,CamelBak,0.0,6,0.0
2011-05-01,camelbak_water_bottle,CamelBak,0.0,6,0.0
2011-06-01,camelbak_water_bottle,CamelBak,0.0,6,0.0
2011-07-01,camelbak_water_bottle,CamelBak,0.0,6,0.0
2011-08-01,camelbak_water_bottle,CamelBak,0.0,6,0.0
2011-09-01,camelbak_water_bottle,CamelBak,0.0,6,0.0
2011-10-01,camelbak_water_bottle,CamelBak,0.0,6,0.0
2011-11-01,camelbak_water_bottle,CamelBak,0.0,6,0.0
2011-12-01,camelbak_water_bottle,CamelBak,0.0,6,0.0
2012-01-01,camelbak_water_bottle,CamelBak,0.0,6,0.0
2012-02-01,camelbak_water_bottle,CamelBak,0.007568027210884354,6,0.007568027210884354
2012-03-01,camelbak_water_bottle,CamelBak,0.007398373983739837,6,0.01496640119462419
2012-04-01,camelbak_water_bottle,CamelBak,0.011204481792717087,6,0.026170882987341278
2012-05-01,camelbak_water_bottle,CamelBak,0.0070921985815602835,6,0.033263081568901565
2012-06-01,camelbak_water_bottle,CamelBak,0.010204081632653062,6,0.04346716320155462
2012-07-01,camelbak_water_bottle,CamelBak,0.00980392156862745,6,0.053271084770182074
2012-08-01,camelbak_water_bottle,CamelBak,0.010204081632653062,6,0.06347516640283514
2012-09-01,camelbak_water_bottle,CamelBak,0.010416666666666666,6,0.0738918330695018
2012-10-01,camelbak_water_bottle,CamelBak,0.007575757575757576,6,0.08146759064525938
2012-11-01,camelbak_water_bottle,CamelBak,0.008130081300813009,6,0.08959767194607239
2012-12-01,camelbak_water_bottle,CamelBak,0.008333333333333333,6,0.09793100527940572
2013-01-01,camelbak_water_bottle,CamelBak,0.011904761904761904,6,0.10983576718416763
2013-02-01,camelbak_water_bottle,CamelBak,0.010638297872340427,6,0.12047406505650805
2013-03-01,camelbak_water_bottle,CamelBak,0.010204081632653062,6,0.1306781466891611
2013-04-01,camelbak_water_bottle,CamelBak,0.013763763763763764,6,0.14444191045292487
2013-05-01,camelbak_water_bottle,CamelBak,0.01402116402116402,6,0.1584630744740889
2013-06-01,camelbak_water_bottle,CamelBak,0.013992869875222816,6,0.17245594434931172
2013-07-01,camelbak_water_bottle,CamelBak,0.009090909090909092,6,0.1815468534402208
2013-08-01,camelbak_water_bottle,CamelBak,0.008771929824561403,6,0.19031878326478222
2013-09-01,camelbak_water_bottle,CamelBak,0.014062935115566694,6,0.2043817183803489
2013-10-01,camelbak_water_bottle,CamelBak,0.014540337711069419,6,0.21892205609141832
2013-11-01,camelbak_water_bottle,CamelBak,0.013678451178451179,6,0.2326005072698695
2013-12-01,camelbak_water_bottle,CamelBak,0.011273448773448774,6,0.24387395604331827
2014-01-01,camelbak_water_bottle,CamelBak,0.012056173820879703,6,0.255930129864198
2014-02-01,camelbak_water_bottle,CamelBak,0.012307525482541748,6,0.2682376553467397
2014-03-01,camelbak_water_bottle,CamelBak,0.02483550400217067,6,0.2930731593489104
2014-04-01,camelbak_water_bottle,CamelBak,0.023113443278360818,6,0.3161866026272712
2014-05-01,camelbak_water_bottle,CamelBak,0.023088023088023088,6,0.3392746257152943
2014-06-01,camelbak_water_bottle,CamelBak,0.007936507936507936,6,0.34721113365180223
2014-07-01,camelbak_water_bottle,CamelBak,0.007692307692307692,6,0.35490344134410995
2014-08-01,camelbak_water_bottle,CamelBak,0.0078125,6,0.36271594134410995
2014-09-01,camelbak_water_bottle,CamelBak,0.0078125,6,0.37052844134410995
2014-10-01,camelbak_water_bottle,CamelBak,0.00847457627118644,6,0.37900301761529637
2014-11-01,camelbak_water_bottle,CamelBak,0.009259259259259259,6,0.3882622768745556
2014-12-01,camelbak_water_bottle,CamelBak,0.009259259259259259,6,0.3975215361338149
2015-01-01,camelbak_water_bottle,CamelBak,0.008620689655172415,6,0.4061422257889873
2015-02-01,camelbak_water_bottle,CamelBak,0.00819672131147541,6,0.4143389471004627
2015-03-01,camelbak_water_bottle,CamelBak,0.008064516129032258,6,0.42240346322949496
2015-04-01,camelbak_water_bottle,CamelBak,0.0078125,6,0.43021596322949496
2015-05-01,camelbak_water_bottle,CamelBak,0.007352941176470587,6,0.4375689044059656
2015-06-01,camelbak_water_bottle,CamelBak,0.006756756756756756,6,0.4443256611627223
2015-07-01,camelbak_water_bottle,CamelBak,0.01848370927318296,6,0.46280937043590525
2015-08-01,camelbak_water_bottle,CamelBak,0.024439102564102564,6,0.48724847300000784
2015-09-01,camelbak_water_bottle,CamelBak,0.02438868976503385,6,0.5116371627650417
2015-10-01,camelbak_water_bottle,CamelBak,0.012092758571631812,6,0.5237299213366735
2015-11-01,camelbak_water_bottle,CamelBak,0.01173890608875129,6,0.5354688274254248
2015-12-01,camelbak_water_bottle,CamelBak,0.010950080515297908,6,0.5464189079407227
2016-01-01,camelbak_water_bottle,CamelBak,0.01342342342342342,6,0.5598423313641461
2016-02-01,camelbak_water_bottle,CamelBak,0.015529715762273901,6,0.57537204712642
2016-03-01,camelbak_water_bottle,CamelBak,0.018822923108637396,6,0.5941949702350574
2016-04-01,camelbak_water_bottle,CamelBak,0.019256669256669256,6,0.6134516394917267
2016-05-01,camelbak_water_bottle,CamelBak,0.013818860877684407,6,0.6272705003694111
2016-06-01,camelbak_water_bottle,CamelBak,0.022836847836847834,6,0.6501073482062589
2016-07-01,camelbak_water_bottle,CamelBak,0.023241050414963455,6,0.6733483986212223
2016-08-01,camelbak_water_bottle,CamelBak,0.02878922878922879,6,0.7021376274104512
2016-09-01,camelbak_water_bottle,CamelBak,0.019069069069069067,6,0.7212066964795202
2016-10-01,camelbak_water_bottle,CamelBak,0.01422882672882673,6,0.7354355232083469
2016-11-01,camelbak_water_bottle,CamelBak,0.02167573829977922,6,0.7571112615081261
2016-12-01,camelbak_water_bottle,CamelBak,0.017367102612215902,6,0.7744783641203421
2017-01-01,camelbak_water_bottle,CamelBak,0.016741940221781597,6,0.7912203043421236
2017-02-01,camelbak_water_bottle,CamelBak,0.010205992509363297,6,0.8014262968514869
2017-03-01,camelbak_water_bottle,CamelBak,0.01294463568559954,6,0.8143709325370865
2017-04-01,camelbak_water_bottle,CamelBak,0.014338235294117646,6,0.8287091678312042
2017-05-01,camelbak_water_bottle,CamelBak,0.013279345175896901,6,0.8419885130071011
2017-06-01,camelbak_water_bottle,CamelBak,0.010227272727272725,6,0.8522157857343737
2017-07-01,camelbak_water_bottle,CamelBak,0.009510658423701902,6,0.8617264441580756
2017-08-01,camelbak_water_bottle,CamelBak,0.011355882679412092,6,0.8730823268374878
2017-09-01,camelbak_water_bottle,CamelBak,0.013239538239538239,6,0.886321865077026
2017-10-01,camelbak_water_bottle,CamelBak,0.012952898550724637,6,0.8992747636277506
2017-11-01,camelbak_water_bottle,CamelBak,0.01136896390060947,6,0.9106437275283601
2017-12-01,camelbak_water_bottle,CamelBak,0.016852665028515956,6,0.9274963925568761
2018-01-01,camelbak_water_bottle,CamelBak,0.015375568373765398,6,0.9428719609306415
2018-02-01,camelbak_water_bottle,CamelBak,0.013546448062912891,6,0.9564184089935543
2018-03-01,camelbak_water_bottle,CamelBak,0.0078125,6,0.9642309089935543
2018-04-01,camelbak_water_bottle,CamelBak,0.009090909090909092,6,0.9733218180844635
2018-05-01,camelbak_water_bottle,CamelBak,0.013578242310184526,6,0.986900060394648
2018-06-01,camelbak_water_bottle,CamelBak,0.015537166390508757,6,1.0024372267851567
2018-07-01,camelbak_water_bottle,CamelBak,0.018895138220198754,6,1.0213323650053554
2018-08-01,camelbak_water_bottle,CamelBak,0.01914043778074328,6,1.0404728027860988
2018-09-01,camelbak_water_bottle,CamelBak,0.01796408870876956,6,1.0584368914948683
2018-10-01,camelbak_water_bottle,CamelBak,0.014159696512637689,6,1.0725965880075061
2018-11-01,camelbak_water_bottle,CamelBak,0.013027639185871546,6,1.0856242271933776
2018-12-01,camelbak_water_bottle,CamelBak,0.011111111111111112,6,1.0967353383044887
2019-01-01,camelbak_water_bottle,CamelBak,0.013073133762788935,6,1.1098084720672776
2019-02-01,camelbak_water_bottle,CamelBak,0.009517657192075797,6,1.1193261292593535
2019-03-01,camelbak_water_bottle,CamelBak,0.010509570750534604,6,1.129835700009888
2019-04-01,camelbak_water_bottle,CamelBak,0.008064516129032258,6,1.1379002161389202
2019-05-01,camelbak_water_bottle,CamelBak,0.008044733044733044,6,1.1459449491836533
2019-06-01,camelbak_water_bottle,CamelBak,0.005143112701252236,6,1.1510880618849055
2019-07-01,camelbak_water_bottle,CamelBak,0.012605429800140755,6,1.1636934916850463
2019-08-01,camelbak_water_bottle,CamelBak,0.01685785439238478,6,1.180551346077431
2019-09-01,camelbak_water_bottle,CamelBak,0.019548843865331022,6,1.2001001899427621
2019-10-01,camelbak_water_bottle,CamelBak,0.011373274732053358,6,1.2114734646748155
2019-11-01,camelbak_water_bottle,CamelBak,0.006410256410256411,6,1.217883721085072
2019-12-01,camelbak_water_bottle,CamelBak,0.005376344086021505,6,1.2232600651710934
2020-01-01,camelbak_water_bottle,CamelBak,0.0049504950495049506,6,1.2282105602205984
2020-02-01,camelbak_water_bottle,CamelBak,0.00698581560283688,6,1.2351963758234352
2020-03-01,camelbak_water_bottle,CamelBak,0.0065621176732287845,6,1.241758493496664
2020-04-01,camelbak_water_bottle,CamelBak,0.00551906586389345,6,1.2472775593605574
2020-05-01,camelbak_water_bottle,CamelBak,0.0,6,1.2472775593605574
2020-06-01,camelbak_water_bottle,CamelBak,0.005849753694581281,6,1.2531273130551388
2020-07-01,camelbak_water_bottle,CamelBak,0.009412855054302423,6,1.2625401681094413
2020-08-01,camelbak_water_bottle,CamelBak,0.01175721961534005,6,1.2742973877247812
2020-09-01,camelbak_water_bottle,CamelBak,0.01115450571972311,6,1.2854518934445043
2020-10-01,camelbak_water_bottle,CamelBak,0.00890896543070456,6,1.294360858875209
2020-11-01,camelbak_water_bottle,CamelBak,0.011667345000678333,6,1.3060282038758873
2020-12-01,camelbak_water_bottle,CamelBak,0.01172722116571581,6,1.317755425041603
2021-01-01,camelbak_water_bottle,CamelBak,0.010616494507296279,6,1.3283719195488992
2021-02-01,camelbak_water_bottle,CamelBak,0.0109347442680776,6,1.3393066638169768
2021-03-01,camelbak_water_bottle,CamelBak,0.008768115942028984,6,1.3480747797590058
2021-04-01,camelbak_water_bottle,CamelBak,0.010156510156510156,6,1.358231289915516
2021-05-01,camelbak_water_bottle,CamelBak,0.006666666666666667,6,1.3648979565821826
2021-06-01,camelbak_water_bottle,CamelBak,0.009440925483150819,6,1.3743388820653335
2021-07-01,camelbak_water_bottle,CamelBak,0.011481713252676959,6,1.3858205953180105
2021-08-01,camelbak_water_bottle,CamelBak,0.012670354493479122,6,1.3984909498114897
2021-09-01,camelbak_water_bottle,CamelBak,0.009955607198371125,6,1.4084465570098608
2021-10-01,camelbak_water_bottle,CamelBak,0.010485287659200704,6,1.4189318446690615
2021-11-01,camelbak_water_bottle,CamelBak,0.010822510822510822,6,1.4297543554915721
2021-12-01,camelbak_water_bottle,CamelBak,0.0118939883645766,6,1.441648343856149
2022-01-01,camelbak_water_bottle,CamelBak,0.01109490913102231,6,1.452743252987171
2022-02-01,camelbak_water_bottle,CamelBak,0.012078198343108438,6,1.4648214513302795
2022-03-01,camelbak_water_bottle,CamelBak,0.013109783593777494,6,1.4779312349240572
2022-04-01,camelbak_water_bottle,CamelBak,0.01250285005882166,6,1.4904340849828788
2022-05-01,camelbak_water_bottle,CamelBak,0.012885765420452852,6,1.5033198504033316
2022-06-01,camelbak_water_bottle,CamelBak,0.011273327062800745,6,1.5145931774661323
2022-07-01,camelbak_water_bottle,CamelBak,0.014061487667406683,6,1.528654665133539
2022-08-01,camelbak_water_bottle,CamelBak,0.012833213585246106,6,1.5414878787187851
2022-09-01,camelbak_water_bottle,CamelBak,0.012851871662689392,6,1.5543397503814744
2022-10-01,camelbak_water_bottle,CamelBak,0.008449809771388513,6,1.562789560152863
2022-11-01,camelbak_water_bottle,CamelBak,0.006864988558352402,6,1.5696545487112155
2022-12-01,camelbak_water_bottle,CamelBak,0.008333853548910669,6,1.577988402260126
2023-01-01,camelbak_water_bottle,CamelBak,0.010986875200073168,6,1.5889752774601993
2023-02-01,camelbak_water_bottle,CamelBak,0.01194981213097155,6,1.6009250895911709
2023-03-01,camelbak_water_bottle,CamelBak,0.01058715379626378,6,1.6115122433874347
2023-04-01,camelbak_water_bottle,CamelBak,0.009176575955436929,6,1.6206888193428715
2023-05-01,camelbak_water_bottle,CamelBak,0.006590953652172602,6,1.6272797729950441
2023-06-01,camelbak_water_bottle,CamelBak,0.009417809167705304,6,1.6366975821627494
2023-07-01,camelbak_water_bottle,CamelBak,0.007919201348813,6,1.6446167835115624
2023-08-01,camelbak_water_bottle,CamelBak,0.00877457501762252,6,1.653391358529185
2023-09-01,camelbak_water_bottle,CamelBak,0.00536000376967298,6,1.658751362298858
2023-10-01,camelbak_water_bottle,CamelBak,0.004330188249236519,6,1.6630815505480945
2023-11-01,camelbak_water_bottle,CamelBak,0.004705065049892636,6,1.667786615597987
2023-12-01,camelbak_water_bottle,CamelBak,0.005296392282693653,6,1.6730830078806807
2024-01-01,camelbak_water_bottle,CamelBak,0.006083333333333334,6,1.679166341214014
2024-02-01,camelbak_water_bottle,CamelBak,0.006535947712418301,6,1.6857022889264324
2024-03-01,camelbak_water_bottle,CamelBak,0.00620722660923666,6,1.6919095155356692
2024-04-01,camelbak_water_bottle,CamelBak,0.00644228783811687,6,1.6983518033737859
2024-05-01,camelbak_water_bottle,CamelBak,0.004813594365833172,6,1.703165397739619
2024-06-01,camelbak_water_bottle,CamelBak,0.005026332492752131,6,1.7081917302323713
2024-07-01,camelbak_water_bottle,CamelBak,0.00459495523415978,6,1.712786685466531
2024-08-01,camelbak_water_bottle,CamelBak,0.00604541476581844,6,1.7188321002323494
2024-09-01,camelbak_water_bottle,CamelBak,0.005790475351024629,6,1.7246225755833742
2024-10-01,camelbak_water_bottle,CamelBak,0.007156405256306936,6,1.731778980839681
2024-11-01,camelbak_water_bottle,CamelBak,0.00627120286905108,6,1.738050183708732
2024-12-01,camelbak_water_bottle,CamelBak,0.0063208525551621784,6,1.7443710362638942
2025-01-01,camelbak_water_bottle,CamelBak,0.005821788174729351,6,1.7501928244386236
2025-02-01,camelbak_water_bottle,CamelBak,0.006270398751241663,6,1.7564632231898654
2025-03-01,camelbak_water_bottle,CamelBak,0.0077223771253622,6,1.7641856003152274
2025-04-01,camelbak_water_bottle,CamelBak,0.007892076536144333,6,1.7720776768513717
2025-05-01,camelbak_water_bottle,CamelBak,0.007522422243296692,6,1.7796000990946685
2025-06-01,camelbak_water_bottle,CamelBak,0.006113663531450794,6,1.7857137626261192
2025-07-01,camelbak_water_bottle,CamelBak,0.00556686616954474,6,1.791280628795664
2025-08-01,camelbak_water_bottle,CamelBak,0.005090990337252116,6,1.7963716191329162
2025-09-01,camelbak_water_bottle,CamelBak,0.0058193445243804945,6,1.8021909636572966
2025-10-01,camelbak_water_bottle,CamelBak,0.007099352625562823,6,1.8092903162828595
2025-11-01,camelbak_water_bottle,CamelBak,0.00787819069069069,6,1.8171685069735501
2025-12-01,camelbak_water_bottle,CamelBak,0.007096557206628755,6,1.824265064180179
2026-01-01,camelbak_water_bottle,CamelBak,0.006539559014267185,6,1.8308046231944461
2026-02-01,camelbak_water_bottle,CamelBak,0.00566452910851251,6,1.8364691523029586
2026-03-01,camelbak_water_bottle,CamelBak,0.005270191515443821,6,1.8417393438184024
2026-04-01,camelbak_water_bottle,CamelBak,0.0046462063086104,6,1.8463855501270128
2026-05-01,camelbak_water_bottle,CamelBak,0.0039538816093160935,6,1.8503394317363289
2026-06-01,camelbak_water_bottle,CamelBak,0.007030140708462567,6,1.8573695724447914
2010-01-01,frank_green_water_bottle,Frank Green,0.0,6,0.0
2010-02-01,frank_green_water_bottle,Frank Green,0.0,6,0.0
2010-03-01,frank_green_water_bottle,Frank Green,0.0,6,0.0
2010-04-01,frank_green_water_bottle,Frank Green,0.0,6,0.0
2010-05-01,frank_green_water_bottle,Frank Green,0.0,6,0.0
2010-06-01,frank_green_water_bottle,Frank Green,0.0,6,0.0
2010-07-01,frank_green_water_bottle,Frank Green,0.0,6,0.0
2010-08-01,frank_green_water_bottle,Frank Green,0.0,6,0.0
2010-09-01,frank_green_water_bottle,Frank Green,0.0,6,0.0
2010-10-01,frank_green_water_bottle,Frank Green,0.0,6,0.0
2010-11-01,frank_green_water_bottle,Frank Green,0.0,6,0.0
2010-12-01,frank_green_water_bottle,Frank Green,0.0,6,0.0
2011-01-01,frank_green_water_bottle,Frank Green,0.0,6,0.0
2011-02-01,frank_green_water_bottle,Frank Green,0.0,6,0.0
2011-03-01,frank_green_water_bottle,Frank Green,0.0,6,0.0
2011-04-01,frank_green_water_bottle,Frank Green,0.0,6,0.0
2011-05-01,frank_green_water_bottle,Frank Green,0.0,6,0.0
2011-06-01,frank_green_water_bottle,Frank Green,0.0,6,0.0
2011-07-01,frank_green_water_bottle,Frank Green,0.0,6,0.0
2011-08-01,frank_green_water_bottle,Frank Green,0.0,6,0.0
2011-09-01,frank_green_water_bottle,Frank Green,0.0,6,0.0
2011-10-01,frank_green_water_bottle,Frank Green,0.0,6,0.0
2011-11-01,frank_green_water_bottle,Frank Green,0.0,6,0.0
2011-12-01,frank_green_water_bottle,Frank Green,0.0,6,0.0
2012-01-01,frank_green_water_bottle,Frank Green,0.0,6,0.0
2012-02-01,frank_green_water_bottle,Frank Green,0.0,6,0.0
2012-03-01,frank_green_water_bottle,Frank Green,0.0,6,0.0
2012-04-01,frank_green_water_bottle,Frank Green,0.0,6,0.0
2012-05-01,frank_green_water_bottle,Frank Green,0.0,6,0.0
2012-06-01,frank_green_water_bottle,Frank Green,0.0,6,0.0
2012-07-01,frank_green_water_bottle,Frank Green,0.0,6,0.0
2012-08-01,frank_green_water_bottle,Frank Green,0.0,6,0.0
2012-09-01,frank_green_water_bottle,Frank Green,0.0,6,0.0
2012-10-01,frank_green_water_bottle,Frank Green,0.0,6,0.0
2012-11-01,frank_green_water_bottle,Frank Green,0.0,6,0.0
2012-12-01,frank_green_water_bottle,Frank Green,0.0,6,0.0
2013-01-01,frank_green_water_bottle,Frank Green,0.0,6,0.0
2013-02-01,frank_green_water_bottle,Frank Green,0.0,6,0.0
2013-03-01,frank_green_water_bottle,Frank Green,0.0,6,0.0
2013-04-01,frank_green_water_bottle,Frank Green,0.0,6,0.0
2013-05-01,frank_green_water_bottle,Frank Green,0.0,6,0.0
2013-06-01,frank_green_water_bottle,Frank Green,0.0,6,0.0
2013-07-01,frank_green_water_bottle,Frank Green,0.0,6,0.0
2013-08-01,frank_green_water_bottle,Frank Green,0.0,6,0.0
2013-09-01,frank_green_water_bottle,Frank Green,0.0,6,0.0
2013-10-01,frank_green_water_bottle,Frank Green,0.0,6,0.0
2013-11-01,frank_green_water_bottle,Frank Green,0.0,6,0.0
2013-12-01,frank_green_water_bottle,Frank Green,0.0,6,0.0
2014-01-01,frank_green_water_bottle,Frank Green,0.0,6,0.0
2014-02-01,frank_green_water_bottle,Frank Green,0.0,6,0.0
2014-03-01,frank_green_water_bottle,Frank Green,0.0,6,0.0
2014-04-01,frank_green_water_bottle,Frank Green,0.0,6,0.0
2014-05-01,frank_green_water_bottle,Frank Green,0.0,6,0.0
2014-06-01,frank_green_water_bottle,Frank Green,0.0,6,0.0
2014-07-01,frank_green_water_bottle,Frank Green,0.0,6,0.0
2014-08-01,frank_green_water_bottle,Frank Green,0.0,6,0.0
2014-09-01,frank_green_water_bottle,Frank Green,0.0,6,0.0
2014-10-01,frank_green_water_bottle,Frank Green,0.0,6,0.0
2014-11-01,frank_green_water_bottle,Frank Green,0.0,6,0.0
2014-12-01,frank_green_water_bottle,Frank Green,0.0,6,0.0
2015-01-01,frank_green_water_bottle,Frank Green,0.0,6,0.0
2015-02-01,frank_green_water_bottle,Frank Green,0.0,6,0.0
2015-03-01,frank_green_water_bottle,Frank Green,0.0,6,0.0
2015-04-01,frank_green_water_bottle,Frank Green,0.0,6,0.0
2015-05-01,frank_green_water_bottle,Frank Green,0.0,6,0.0
2015-06-01,frank_green_water_bottle,Frank Green,0.0,6,0.0
2015-07-01,frank_green_water_bottle,Frank Green,0.0,6,0.0
2015-08-01,frank_green_water_bottle,Frank Green,0.0,6,0.0
2015-09-01,frank_green_water_bottle,Frank Green,0.0,6,0.0
2015-10-01,frank_green_water_bottle,Frank Green,0.0,6,0.0
2015-11-01,frank_green_water_bottle,Frank Green,0.0,6,0.0
2015-12-01,frank_green_water_bottle,Frank Green,0.0,6,0.0
2016-01-01,frank_green_water_bottle,Frank Green,0.0,6,0.0
2016-02-01,frank_green_water_bottle,Frank Green,0.0,6,0.0
2016-03-01,frank_green_water_bottle,Frank Green,0.0,6,0.0
2016-04-01,frank_green_water_bottle,Frank Green,0.0,6,0.0
2016-05-01,frank_green_water_bottle,Frank Green,0.0,6,0.0
2016-06-01,frank_green_water_bottle,Frank Green,0.0,6,0.0
2016-07-01,frank_green_water_bottle,Frank Green,0.0,6,0.0
2016-08-01,frank_green_water_bottle,Frank Green,0.0,6,0.0
2016-09-01,frank_green_water_bottle,Frank Green,0.0,6,0.0
2016-10-01,frank_green_water_bottle,Frank Green,0.0,6,0.0
2016-11-01,frank_green_water_bottle,Frank Green,0.0,6,0.0
2016-12-01,frank_green_water_bottle,Frank Green,0.0,6,0.0
2017-01-01,frank_green_water_bottle,Frank Green,0.0,6,0.0
2017-02-01,frank_green_water_bottle,Frank Green,0.0,6,0.0
2017-03-01,frank_green_water_bottle,Frank Green,0.0,6,0.0
2017-04-01,frank_green_water_bottle,Frank Green,0.0,6,0.0
2017-05-01,frank_green_water_bottle,Frank Green,0.0,6,0.0
2017-06-01,frank_green_water_bottle,Frank Green,0.0,6,0.0
2017-07-01,frank_green_water_bottle,Frank Green,0.0,6,0.0
2017-08-01,frank_green_water_bottle,Frank Green,0.0,6,0.0
2017-09-01,frank_green_water_bottle,Frank Green,0.0,6,0.0
2017-10-01,frank_green_water_bottle,Frank Green,0.0,6,0.0
2017-11-01,frank_green_water_bottle,Frank Green,0.0,6,0.0
2017-12-01,frank_green_water_bottle,Frank Green,0.0,6,0.0
2018-01-01,frank_green_water_bottle,Frank Green,0.0,6,0.0
2018-02-01,frank_green_water_bottle,Frank Green,0.0,6,0.0
2018-03-01,frank_green_water_bottle,Frank Green,0.0,6,0.0
2018-04-01,frank_green_water_bottle,Frank Green,0.0,6,0.0
2018-05-01,frank_green_water_bottle,Frank Green,0.0,6,0.0
2018-06-01,frank_green_water_bottle,Frank Green,0.0,6,0.0
2018-07-01,frank_green_water_bottle,Frank Green,0.0,6,0.0
2018-08-01,frank_green_water_bottle,Frank Green,0.0,6,0.0
2018-09-01,frank_green_water_bottle,Frank Green,0.0,6,0.0
2018-10-01,frank_green_water_bottle,Frank Green,0.0,6,0.0
2018-11-01,frank_green_water_bottle,Frank Green,0.0,6,0.0
2018-12-01,frank_green_water_bottle,Frank Green,0.0,6,0.0
2019-01-01,frank_green_water_bottle,Frank Green,0.0,6,0.0
2019-02-01,frank_green_water_bottle,Frank Green,0.0,6,0.0
2019-03-01,frank_green_water_bottle,Frank Green,0.0,6,0.0
2019-04-01,frank_green_water_bottle,Frank Green,0.0,6,0.0
2019-05-01,frank_green_water_bottle,Frank Green,0.0,6,0.0
2019-06-01,frank_green_water_bottle,Frank Green,0.0,6,0.0
2019-07-01,frank_green_water_bottle,Frank Green,0.0,6,0.0
2019-08-01,frank_green_water_bottle,Frank Green,0.0,6,0.0
2019-09-01,frank_green_water_bottle,Frank Green,0.0,6,0.0
2019-10-01,frank_green_water_bottle,Frank Green,0.0,6,0.0
2019-11-01,frank_green_water_bottle,Frank Green,0.0,6,0.0
2019-12-01,frank_green_water_bottle,Frank Green,0.0,6,0.0
2020-01-01,frank_green_water_bottle,Frank Green,0.0,6,0.0
2020-02-01,frank_green_water_bottle,Frank Green,0.0,6,0.0
2020-03-01,frank_green_water_bottle,Frank Green,0.0,6,0.0
2020-04-01,frank_green_water_bottle,Frank Green,0.0,6,0.0
2020-05-01,frank_green_water_bottle,Frank Green,0.0,6,0.0
2020-06-01,frank_green_water_bottle,Frank Green,0.005849753694581281,6,0.005849753694581281
2020-07-01,frank_green_water_bottle,Frank Green,0.0053819444444444435,6,0.011231698139025723
2020-08-01,frank_green_water_bottle,Frank Green,0.007895171957671957,6,0.019126870096697682
2020-09-01,frank_green_water_bottle,Frank Green,0.0024154589371980675,6,0.02154232903389575
2020-10-01,frank_green_water_bottle,Frank Green,0.004329004329004329,6,0.025871333362900078
2020-11-01,frank_green_water_bottle,Frank Green,0.0036630036630036626,6,0.029534337025903742
2020-12-01,frank_green_water_bottle,Frank Green,0.006472491909385113,6,0.03600682893528885
2021-01-01,frank_green_water_bottle,Frank Green,0.007309941520467837,6,0.04331677045575669
2021-02-01,frank_green_water_bottle,Frank Green,0.007936507936507938,6,0.05125327839226462
2021-03-01,frank_green_water_bottle,Frank Green,0.007246376811594203,6,0.05849965520385883
2021-04-01,frank_green_water_bottle,Frank Green,0.006493506493506493,6,0.06499316169736533
2021-05-01,frank_green_water_bottle,Frank Green,0.006666666666666667,6,0.071659828364032
2021-06-01,frank_green_water_bottle,Frank Green,0.006849315068493151,6,0.07850914343252514
2021-07-01,frank_green_water_bottle,Frank Green,0.006666666666666667,6,0.08517581009919181
2021-08-01,frank_green_water_bottle,Frank Green,0.006329113924050633,6,0.09150492402324244
2021-09-01,frank_green_water_bottle,Frank Green,0.007751937984496123,6,0.09925686200773856
2021-10-01,frank_green_water_bottle,Frank Green,0.009057971014492754,6,0.10831483302223131
2021-11-01,frank_green_water_bottle,Frank Green,0.015728715728715727,6,0.12404354875094704
2021-12-01,frank_green_water_bottle,Frank Green,0.02041585865115277,6,0.1444594074020998
2022-01-01,frank_green_water_bottle,Frank Green,0.027534748076445764,6,0.17199415547854557
2022-02-01,frank_green_water_bottle,Frank Green,0.04019049314580737,6,0.21218464862435293
2022-03-01,frank_green_water_bottle,Frank Green,0.05137310606060606,6,0.263557754684959
2022-04-01,frank_green_water_bottle,Frank Green,0.0600892304297256,6,0.3236469851146846
2022-05-01,frank_green_water_bottle,Frank Green,0.053714972610433585,6,0.3773619577251182
2022-06-01,frank_green_water_bottle,Frank Green,0.046862211862211865,6,0.42422416958733006
2022-07-01,frank_green_water_bottle,Frank Green,0.044875943905070124,6,0.46910011349240016
2022-08-01,frank_green_water_bottle,Frank Green,0.04691276642496154,6,0.5160128799173618
2022-09-01,frank_green_water_bottle,Frank Green,0.0488513453115223,6,0.564864225228884
2022-10-01,frank_green_water_bottle,Frank Green,0.05178907721280603,6,0.61665330244169
2022-11-01,frank_green_water_bottle,Frank Green,0.058381791104903234,6,0.6750350935465933
2022-12-01,frank_green_water_bottle,Frank Green,0.06443725846493249,6,0.7394723520115258
2023-01-01,frank_green_water_bottle,Frank Green,0.0640500906998369,6,0.8035224427113626
2023-02-01,frank_green_water_bottle,Frank Green,0.06157944176060117,6,0.8651018844719639
2023-03-01,frank_green_water_bottle,Frank Green,0.06904392038993719,6,0.934145804861901
2023-04-01,frank_green_water_bottle,Frank Green,0.07333331641620246,6,1.0074791212781036
2023-05-01,frank_green_water_bottle,Frank Green,0.07667362856120659,6,1.0841527498393102
2023-06-01,frank_green_water_bottle,Frank Green,0.06483299394966785,6,1.1489857437889779
2023-07-01,frank_green_water_bottle,Frank Green,0.05907094453316488,6,1.2080566883221429
2023-08-01,frank_green_water_bottle,Frank Green,0.055451327501403976,6,1.2635080158235468
2023-09-01,frank_green_water_bottle,Frank Green,0.05139944367024931,6,1.3149074594937962
2023-10-01,frank_green_water_bottle,Frank Green,0.048898291621573164,6,1.3638057511153692
2023-11-01,frank_green_water_bottle,Frank Green,0.04977608598298253,6,1.4135818370983517
2023-12-01,frank_green_water_bottle,Frank Green,0.05552646680298029,6,1.4691083039013322
2024-01-01,frank_green_water_bottle,Frank Green,0.05693694751089117,6,1.5260452514122234
2024-02-01,frank_green_water_bottle,Frank Green,0.05470007246948307,6,1.5807453238817064
2024-03-01,frank_green_water_bottle,Frank Green,0.048349244855916136,6,1.6290945687376224
2024-04-01,frank_green_water_bottle,Frank Green,0.044785791393619295,6,1.6738803601312418
2024-05-01,frank_green_water_bottle,Frank Green,0.043667094168014224,6,1.717547454299256
2024-06-01,frank_green_water_bottle,Frank Green,0.04111821754445901,6,1.758665671843715
2024-07-01,frank_green_water_bottle,Frank Green,0.040076110746034226,6,1.7987417825897491
2024-08-01,frank_green_water_bottle,Frank Green,0.038240846991582804,6,1.836982629581332
2024-09-01,frank_green_water_bottle,Frank Green,0.0348292864069443,6,1.8718119159882762
2024-10-01,frank_green_water_bottle,Frank Green,0.03359074488541863,6,1.905402660873695
2024-11-01,frank_green_water_bottle,Frank Green,0.036676761868041245,6,1.9420794227417362
2024-12-01,frank_green_water_bottle,Frank Green,0.03837000562565618,6,1.9804494283673924
2025-01-01,frank_green_water_bottle,Frank Green,0.038631182489817444,6,2.01908061085721
2025-02-01,frank_green_water_bottle,Frank Green,0.03581677782507923,6,2.054897388682289
2025-03-01,frank_green_water_bottle,Frank Green,0.03361365594841075,6,2.0885110446307
2025-04-01,frank_green_water_bottle,Frank Green,0.03338877067690627,6,2.1218998153076063
2025-05-01,frank_green_water_bottle,Frank Green,0.03195639701663799,6,2.153856212324244
2025-06-01,frank_green_water_bottle,Frank Green,0.03125546751277745,6,2.1851116798370214
2025-07-01,frank_green_water_bottle,Frank Green,0.02784215784215784,6,2.2129538376791795
2025-08-01,frank_green_water_bottle,Frank Green,0.028720724224353983,6,2.241674561903533
2025-09-01,frank_green_water_bottle,Frank Green,0.02835107614842705,6,2.2700256380519606
2025-10-01,frank_green_water_bottle,Frank Green,0.02819423068805746,6,2.2982198687400177
2025-11-01,frank_green_water_bottle,Frank Green,0.0251628861003861,6,2.323382754840404
2025-12-01,frank_green_water_bottle,Frank Green,0.027590583820847264,6,2.3509733386612512
2026-01-01,frank_green_water_bottle,Frank Green,0.02543704714019103,6,2.3764103858014423
2026-02-01,frank_green_water_bottle,Frank Green,0.025725582972365074,6,2.4021359687738073
2026-03-01,frank_green_water_bottle,Frank Green,0.0209149735736822,6,2.4230509423474897
2026-04-01,frank_green_water_bottle,Frank Green,0.02071325174365048,6,2.44376419409114
2026-05-01,frank_green_water_bottle,Frank Green,0.01747668566621706,6,2.4612408797573573
2026-06-01,frank_green_water_bottle,Frank Green,0.01615581098339719,6,2.477396690740754
2010-01-01,hydro_flask_water_bottle,Hydro Flask,0.0,6,0.0
2010-02-01,hydro_flask_water_bottle,Hydro Flask,0.0,6,0.0
2010-03-01,hydro_flask_water_bottle,Hydro Flask,0.0,6,0.0
2010-04-01,hydro_flask_water_bottle,Hydro Flask,0.0,6,0.0
2010-05-01,hydro_flask_water_bottle,Hydro Flask,0.0,6,0.0
2010-06-01,hydro_flask_water_bottle,Hydro Flask,0.0,6,0.0
2010-07-01,hydro_flask_water_bottle,Hydro Flask,0.0,6,0.0
2010-08-01,hydro_flask_water_bottle,Hydro Flask,0.0,6,0.0
2010-09-01,hydro_flask_water_bottle,Hydro Flask,0.0,6,0.0
2010-10-01,hydro_flask_water_bottle,Hydro Flask,0.0,6,0.0
2010-11-01,hydro_flask_water_bottle,Hydro Flask,0.0,6,0.0
2010-12-01,hydro_flask_water_bottle,Hydro Flask,0.0,6,0.0
2011-01-01,hydro_flask_water_bottle,Hydro Flask,0.0,6,0.0
2011-02-01,hydro_flask_water_bottle,Hydro Flask,0.0,6,0.0
2011-03-01,hydro_flask_water_bottle,Hydro Flask,0.0,6,0.0
2011-04-01,hydro_flask_water_bottle,Hydro Flask,0.0,6,0.0
2011-05-01,hydro_flask_water_bottle,Hydro Flask,0.0,6,0.0
2011-06-01,hydro_flask_water_bottle,Hydro Flask,0.0,6,0.0
2011-07-01,hydro_flask_water_bottle,Hydro Flask,0.0,6,0.0
2011-08-01,hydro_flask_water_bottle,Hydro Flask,0.0,6,0.0
2011-09-01,hydro_flask_water_bottle,Hydro Flask,0.0,6,0.0
2011-10-01,hydro_flask_water_bottle,Hydro Flask,0.0,6,0.0
2011-11-01,hydro_flask_water_bottle,Hydro Flask,0.0,6,0.0
2011-12-01,hydro_flask_water_bottle,Hydro Flask,0.0,6,0.0
2012-01-01,hydro_flask_water_bottle,Hydro Flask,0.0,6,0.0
2012-02-01,hydro_flask_water_bottle,Hydro Flask,0.0,6,0.0
2012-03-01,hydro_flask_water_bottle,Hydro Flask,0.0,6,0.0
2012-04-01,hydro_flask_water_bottle,Hydro Flask,0.0,6,0.0
2012-05-01,hydro_flask_water_bottle,Hydro Flask,0.0,6,0.0
2012-06-01,hydro_flask_water_bottle,Hydro Flask,0.0,6,0.0
2012-07-01,hydro_flask_water_bottle,Hydro Flask,0.0,6,0.0
2012-08-01,hydro_flask_water_bottle,Hydro Flask,0.0,6,0.0
2012-09-01,hydro_flask_water_bottle,Hydro Flask,0.0,6,0.0
2012-10-01,hydro_flask_water_bottle,Hydro Flask,0.0,6,0.0
2012-11-01,hydro_flask_water_bottle,Hydro Flask,0.0,6,0.0
2012-12-01,hydro_flask_water_bottle,Hydro Flask,0.0,6,0.0
2013-01-01,hydro_flask_water_bottle,Hydro Flask,0.0,6,0.0
2013-02-01,hydro_flask_water_bottle,Hydro Flask,0.0,6,0.0
2013-03-01,hydro_flask_water_bottle,Hydro Flask,0.0,6,0.0
2013-04-01,hydro_flask_water_bottle,Hydro Flask,0.0,6,0.0
2013-05-01,hydro_flask_water_bottle,Hydro Flask,0.0,6,0.0
2013-06-01,hydro_flask_water_bottle,Hydro Flask,0.0,6,0.0
2013-07-01,hydro_flask_water_bottle,Hydro Flask,0.0,6,0.0
2013-08-01,hydro_flask_water_bottle,Hydro Flask,0.0,6,0.0
2013-09-01,hydro_flask_water_bottle,Hydro Flask,0.0,6,0.0
2013-10-01,hydro_flask_water_bottle,Hydro Flask,0.0,6,0.0
2013-11-01,hydro_flask_water_bottle,Hydro Flask,0.0,6,0.0
2013-12-01,hydro_flask_water_bottle,Hydro Flask,0.0,6,0.0
2014-01-01,hydro_flask_water_bottle,Hydro Flask,0.0,6,0.0
2014-02-01,hydro_flask_water_bottle,Hydro Flask,0.0,6,0.0
2014-03-01,hydro_flask_water_bottle,Hydro Flask,0.0,6,0.0
2014-04-01,hydro_flask_water_bottle,Hydro Flask,0.0,6,0.0
2014-05-01,hydro_flask_water_bottle,Hydro Flask,0.0,6,0.0
2014-06-01,hydro_flask_water_bottle,Hydro Flask,0.0,6,0.0
2014-07-01,hydro_flask_water_bottle,Hydro Flask,0.0,6,0.0
2014-08-01,hydro_flask_water_bottle,Hydro Flask,0.0,6,0.0
2014-09-01,hydro_flask_water_bottle,Hydro Flask,0.0,6,0.0
2014-10-01,hydro_flask_water_bottle,Hydro Flask,0.0,6,0.0
2014-11-01,hydro_flask_water_bottle,Hydro Flask,0.0,6,0.0
2014-12-01,hydro_flask_water_bottle,Hydro Flask,0.0,6,0.0
2015-01-01,hydro_flask_water_bottle,Hydro Flask,0.0,6,0.0
2015-02-01,hydro_flask_water_bottle,Hydro Flask,0.0,6,0.0
2015-03-01,hydro_flask_water_bottle,Hydro Flask,0.0,6,0.0
2015-04-01,hydro_flask_water_bottle,Hydro Flask,0.0,6,0.0
2015-05-01,hydro_flask_water_bottle,Hydro Flask,0.0,6,0.0
2015-06-01,hydro_flask_water_bottle,Hydro Flask,0.0,6,0.0
2015-07-01,hydro_flask_water_bottle,Hydro Flask,0.0,6,0.0
2015-08-01,hydro_flask_water_bottle,Hydro Flask,0.0,6,0.0
2015-09-01,hydro_flask_water_bottle,Hydro Flask,0.0,6,0.0
2015-10-01,hydro_flask_water_bottle,Hydro Flask,0.0,6,0.0
2015-11-01,hydro_flask_water_bottle,Hydro Flask,0.0,6,0.0
2015-12-01,hydro_flask_water_bottle,Hydro Flask,0.0,6,0.0
2016-01-01,hydro_flask_water_bottle,Hydro Flask,0.0,6,0.0
2016-02-01,hydro_flask_water_bottle,Hydro Flask,0.0,6,0.0
2016-03-01,hydro_flask_water_bottle,Hydro Flask,0.0,6,0.0
2016-04-01,hydro_flask_water_bottle,Hydro Flask,0.0,6,0.0
2016-05-01,hydro_flask_water_bottle,Hydro Flask,0.0,6,0.0
2016-06-01,hydro_flask_water_bottle,Hydro Flask,0.0,6,0.0
2016-07-01,hydro_flask_water_bottle,Hydro Flask,0.0,6,0.0
2016-08-01,hydro_flask_water_bottle,Hydro Flask,0.0070921985815602835,6,0.0070921985815602835
2016-09-01,hydro_flask_water_bottle,Hydro Flask,0.006535947712418301,6,0.013628146293978585
2016-10-01,hydro_flask_water_bottle,Hydro Flask,0.006289308176100628,6,0.019917454470079213
2016-11-01,hydro_flask_water_bottle,Hydro Flask,0.0,6,0.019917454470079213
2016-12-01,hydro_flask_water_bottle,Hydro Flask,0.0,6,0.019917454470079213
2017-01-01,hydro_flask_water_bottle,Hydro Flask,0.0,6,0.019917454470079213
2017-02-01,hydro_flask_water_bottle,Hydro Flask,0.0,6,0.019917454470079213
2017-03-01,hydro_flask_water_bottle,Hydro Flask,0.0,6,0.019917454470079213
2017-04-01,hydro_flask_water_bottle,Hydro Flask,0.0,6,0.019917454470079213
2017-05-01,hydro_flask_water_bottle,Hydro Flask,0.0,6,0.019917454470079213
2017-06-01,hydro_flask_water_bottle,Hydro Flask,0.0,6,0.019917454470079213
2017-07-01,hydro_flask_water_bottle,Hydro Flask,0.0,6,0.019917454470079213
2017-08-01,hydro_flask_water_bottle,Hydro Flask,0.0,6,0.019917454470079213
2017-09-01,hydro_flask_water_bottle,Hydro Flask,0.0,6,0.019917454470079213
2017-10-01,hydro_flask_water_bottle,Hydro Flask,0.0,6,0.019917454470079213
2017-11-01,hydro_flask_water_bottle,Hydro Flask,0.0,6,0.019917454470079213
2017-12-01,hydro_flask_water_bottle,Hydro Flask,0.0,6,0.019917454470079213
2018-01-01,hydro_flask_water_bottle,Hydro Flask,0.0,6,0.019917454470079213
2018-02-01,hydro_flask_water_bottle,Hydro Flask,0.0,6,0.019917454470079213
2018-03-01,hydro_flask_water_bottle,Hydro Flask,0.0,6,0.019917454470079213
2018-04-01,hydro_flask_water_bottle,Hydro Flask,0.0,6,0.019917454470079213
2018-05-01,hydro_flask_water_bottle,Hydro Flask,0.0,6,0.019917454470079213
2018-06-01,hydro_flask_water_bottle,Hydro Flask,0.0,6,0.019917454470079213
2018-07-01,hydro_flask_water_bottle,Hydro Flask,0.0017006802721088437,6,0.021618134742188058
2018-08-01,hydro_flask_water_bottle,Hydro Flask,0.003367003367003367,6,0.024985138109191424
2018-09-01,hydro_flask_water_bottle,Hydro Flask,0.0053191489361702135,6,0.030304287045361637
2018-10-01,hydro_flask_water_bottle,Hydro Flask,0.00392156862745098,6,0.03422585567281262
2018-11-01,hydro_flask_water_bottle,Hydro Flask,0.004166666666666667,6,0.03839252233947928
2018-12-01,hydro_flask_water_bottle,Hydro Flask,0.003968253968253968,6,0.04236077630773325
2019-01-01,hydro_flask_water_bottle,Hydro Flask,0.005555555555555556,6,0.04791633186328881
2019-02-01,hydro_flask_water_bottle,Hydro Flask,0.0037037037037037034,6,0.05162003556699251
2019-03-01,hydro_flask_water_bottle,Hydro Flask,0.0037037037037037034,6,0.05532373927069621
2019-04-01,hydro_flask_water_bottle,Hydro Flask,0.003286520456585866,6,0.05861025972728208
2019-05-01,hydro_flask_water_bottle,Hydro Flask,0.005876894525208784,6,0.06448715425249087
2019-06-01,hydro_flask_water_bottle,Hydro Flask,0.005988882911959835,6,0.0704760371644507
2019-07-01,hydro_flask_water_bottle,Hydro Flask,0.007141122176341996,6,0.07761715934079269
2019-08-01,hydro_flask_water_bottle,Hydro Flask,0.007226716653512234,6,0.08484387599430493
2019-09-01,hydro_flask_water_bottle,Hydro Flask,0.008066581306017926,6,0.09291045730032285
2019-10-01,hydro_flask_water_bottle,Hydro Flask,0.010404095480431358,6,0.10331455278075422
2019-11-01,hydro_flask_water_bottle,Hydro Flask,0.011241217798594848,6,0.11455577057934906
2019-12-01,hydro_flask_water_bottle,Hydro Flask,0.010880788730840084,6,0.12543655931018916
2020-01-01,hydro_flask_water_bottle,Hydro Flask,0.008912037037037038,6,0.13434859634722618
2020-02-01,hydro_flask_water_bottle,Hydro Flask,0.008751675852822882,6,0.14310027220004906
2020-03-01,hydro_flask_water_bottle,Hydro Flask,0.00637800934243622,6,0.1494782815424853
2020-04-01,hydro_flask_water_bottle,Hydro Flask,0.003556454028152141,6,0.15303473557063743
2020-05-01,hydro_flask_water_bottle,Hydro Flask,0.0015432098765432098,6,0.15457794544718065
2020-06-01,hydro_flask_water_bottle,Hydro Flask,0.0028248587570621464,6,0.15740280420424277
2020-07-01,hydro_flask_water_bottle,Hydro Flask,0.0037593984962406013,6,0.16116220270048337
2020-08-01,hydro_flask_water_bottle,Hydro Flask,0.0036496350364963507,6,0.16481183773697974
2020-09-01,hydro_flask_water_bottle,Hydro Flask,0.003787878787878788,6,0.16859971652485853
2020-10-01,hydro_flask_water_bottle,Hydro Flask,0.004132231404958677,6,0.1727319479298172
2020-11-01,hydro_flask_water_bottle,Hydro Flask,0.0045045045045045045,6,0.1772364524343217
2020-12-01,hydro_flask_water_bottle,Hydro Flask,0.004629629629629629,6,0.18186608206395133
2021-01-01,hydro_flask_water_bottle,Hydro Flask,0.0030303030303030303,6,0.18489638509425435
2021-02-01,hydro_flask_water_bottle,Hydro Flask,0.0015015015015015015,6,0.18639788659575587
2021-03-01,hydro_flask_water_bottle,Hydro Flask,0.0027287712732780895,6,0.18912665786903396
2021-04-01,hydro_flask_water_bottle,Hydro Flask,0.004190207156308851,6,0.19331686502534282
2021-05-01,hydro_flask_water_bottle,Hydro Flask,0.004139823431162014,6,0.19745668845650483
2021-06-01,hydro_flask_water_bottle,Hydro Flask,0.0024509803921568623,6,0.19990766884866168
2021-07-01,hydro_flask_water_bottle,Hydro Flask,0.003813341556172268,6,0.20372101040483395
2021-08-01,hydro_flask_water_bottle,Hydro Flask,0.006133482475764355,6,0.2098544928805983
2021-09-01,hydro_flask_water_bottle,Hydro Flask,0.006446125151161122,6,0.21630061803175943
2021-10-01,hydro_flask_water_bottle,Hydro Flask,0.004113031315932959,6,0.2204136493476924
2021-11-01,hydro_flask_water_bottle,Hydro Flask,0.002754820936639118,6,0.2231684702843315
2021-12-01,hydro_flask_water_bottle,Hydro Flask,0.0027100271002710023,6,0.2258784973846025
2022-01-01,hydro_flask_water_bottle,Hydro Flask,0.004673807205452775,6,0.23055230459005527
2022-02-01,hydro_flask_water_bottle,Hydro Flask,0.0033448562832085016,6,0.2338971608732638
2022-03-01,hydro_flask_water_bottle,Hydro Flask,0.004329004329004329,6,0.2382261652022681
2022-04-01,hydro_flask_water_bottle,Hydro Flask,0.0037660124250920887,6,0.2419921776273602
2022-05-01,hydro_flask_water_bottle,Hydro Flask,0.004851256995339327,6,0.24684343462269953
2022-06-01,hydro_flask_water_bottle,Hydro Flask,0.0029239766081871343,6,0.24976741123088667
2022-07-01,hydro_flask_water_bottle,Hydro Flask,0.00384557945041816,6,0.25361299068130483
2022-08-01,hydro_flask_water_bottle,Hydro Flask,0.004722222222222222,6,0.25833521290352707
2022-09-01,hydro_flask_water_bottle,Hydro Flask,0.004770667211885776,6,0.2631058801154128
2022-10-01,hydro_flask_water_bottle,Hydro Flask,0.006376631336073257,6,0.26948251145148605
2022-11-01,hydro_flask_water_bottle,Hydro Flask,0.008454380181274708,6,0.2779368916327608
2022-12-01,hydro_flask_water_bottle,Hydro Flask,0.009100983358173602,6,0.28703787499093436
2023-01-01,hydro_flask_water_bottle,Hydro Flask,0.0067487334662907185,6,0.2937866084572251
2023-02-01,hydro_flask_water_bottle,Hydro Flask,0.003948785449323921,6,0.297735393906549
2023-03-01,hydro_flask_water_bottle,Hydro Flask,0.0035932764359160297,6,0.3013286703424651
2023-04-01,hydro_flask_water_bottle,Hydro Flask,0.0038318017265385686,6,0.3051604720690036
2023-05-01,hydro_flask_water_bottle,Hydro Flask,0.0037509207320528073,6,0.30891139280105645
2023-06-01,hydro_flask_water_bottle,Hydro Flask,0.0026041666666666665,6,0.3115155594677231
2023-07-01,hydro_flask_water_bottle,Hydro Flask,0.0035094355482704997,6,0.31502499501599357
2023-08-01,hydro_flask_water_bottle,Hydro Flask,0.006808395831963053,6,0.32183339084795665
2023-09-01,hydro_flask_water_bottle,Hydro Flask,0.006699858815653113,6,0.32853324966360975
2023-10-01,hydro_flask_water_bottle,Hydro Flask,0.005012853535500023,6,0.33354610319910977
2023-11-01,hydro_flask_water_bottle,Hydro Flask,0.001564945226917058,6,0.33511104842602685
2023-12-01,hydro_flask_water_bottle,Hydro Flask,0.0022294637888144613,6,0.3373405122148413
2024-01-01,hydro_flask_water_bottle,Hydro Flask,0.0026586985391766267,6,0.33999921075401796
2024-02-01,hydro_flask_water_bottle,Hydro Flask,0.002761431040119565,6,0.3427606417941375
2024-03-01,hydro_flask_water_bottle,Hydro Flask,0.0021645021645021645,6,0.34492514395863966
2024-04-01,hydro_flask_water_bottle,Hydro Flask,0.00228310502283105,6,0.34720824898147074
2024-05-01,hydro_flask_water_bottle,Hydro Flask,0.002242152466367713,6,0.3494504014478384
2024-06-01,hydro_flask_water_bottle,Hydro Flask,0.0021645021645021645,6,0.3516149036123406
2024-07-01,hydro_flask_water_bottle,Hydro Flask,0.0020661157024793385,6,0.35368101931481993
2024-08-01,hydro_flask_water_bottle,Hydro Flask,0.0019305019305019308,6,0.35561152124532186
2024-09-01,hydro_flask_water_bottle,Hydro Flask,0.0019011406844106462,6,0.3575126619297325
2024-10-01,hydro_flask_water_bottle,Hydro Flask,0.0020325203252032522,6,0.35954518225493576
2024-11-01,hydro_flask_water_bottle,Hydro Flask,0.002155172413793104,6,0.36170035466872885
2024-12-01,hydro_flask_water_bottle,Hydro Flask,0.002074688796680498,6,0.36377504346540934
2025-01-01,hydro_flask_water_bottle,Hydro Flask,0.002631087308506663,6,0.36640613077391604
2025-02-01,hydro_flask_water_bottle,Hydro Flask,0.002772302336572489,6,0.36917843311048854
2025-03-01,hydro_flask_water_bottle,Hydro Flask,0.0031666704186458353,6,0.37234510352913436
2025-04-01,hydro_flask_water_bottle,Hydro Flask,0.0015432098765432098,6,0.3738883134056776
2025-05-01,hydro_flask_water_bottle,Hydro Flask,0.0014947683109118087,6,0.37538308171658935
2025-06-01,hydro_flask_water_bottle,Hydro Flask,0.0014492753623188404,6,0.3768323570789082
2025-07-01,hydro_flask_water_bottle,Hydro Flask,0.001953125,6,0.3787854820789082
2025-08-01,hydro_flask_water_bottle,Hydro Flask,0.0017985611510791366,6,0.38058404322998735
2025-09-01,hydro_flask_water_bottle,Hydro Flask,0.0017985611510791366,6,0.38238260438106647
2025-10-01,hydro_flask_water_bottle,Hydro Flask,0.0013386880856760374,6,0.3837212924667425
2025-11-01,hydro_flask_water_bottle,Hydro Flask,0.002369359008865725,6,0.3860906514756082
2025-12-01,hydro_flask_water_bottle,Hydro Flask,0.002926175338684646,6,0.3890168268142929
2026-01-01,hydro_flask_water_bottle,Hydro Flask,0.002788346872807212,6,0.3918051736871001
2026-02-01,hydro_flask_water_bottle,Hydro Flask,0.0019307203052132016,6,0.3937358939923133
2026-03-01,hydro_flask_water_bottle,Hydro Flask,0.002178108629721533,6,0.39591400262203486
2026-04-01,hydro_flask_water_bottle,Hydro Flask,0.003321934538348803,6,0.39923593716038364
2026-05-01,hydro_flask_water_bottle,Hydro Flask,0.0037961735722929755,6,0.4030321107326766
2026-06-01,hydro_flask_water_bottle,Hydro Flask,0.0036429993364299937,6,0.4066751100691066
2010-01-01,owala_water_bottle,Owala,0.0,6,0.0
2010-02-01,owala_water_bottle,Owala,0.0,6,0.0
2010-03-01,owala_water_bottle,Owala,0.0,6,0.0
2010-04-01,owala_water_bottle,Owala,0.0,6,0.0
2010-05-01,owala_water_bottle,Owala,0.0,6,0.0
2010-06-01,owala_water_bottle,Owala,0.0,6,0.0
2010-07-01,owala_water_bottle,Owala,0.0,6,0.0
2010-08-01,owala_water_bottle,Owala,0.0,6,0.0
2010-09-01,owala_water_bottle,Owala,0.0,6,0.0
2010-10-01,owala_water_bottle,Owala,0.0,6,0.0
2010-11-01,owala_water_bottle,Owala,0.0,6,0.0
2010-12-01,owala_water_bottle,Owala,0.0,6,0.0
2011-01-01,owala_water_bottle,Owala,0.0,6,0.0
2011-02-01,owala_water_bottle,Owala,0.0,6,0.0
2011-03-01,owala_water_bottle,Owala,0.0,6,0.0
2011-04-01,owala_water_bottle,Owala,0.0,6,0.0
2011-05-01,owala_water_bottle,Owala,0.0,6,0.0
2011-06-01,owala_water_bottle,Owala,0.0,6,0.0
2011-07-01,owala_water_bottle,Owala,0.0,6,0.0
2011-08-01,owala_water_bottle,Owala,0.0,6,0.0
2011-09-01,owala_water_bottle,Owala,0.0,6,0.0
2011-10-01,owala_water_bottle,Owala,0.0,6,0.0
2011-11-01,owala_water_bottle,Owala,0.0,6,0.0
2011-12-01,owala_water_bottle,Owala,0.0,6,0.0
2012-01-01,owala_water_bottle,Owala,0.0,6,0.0
2012-02-01,owala_water_bottle,Owala,0.0,6,0.0
2012-03-01,owala_water_bottle,Owala,0.0,6,0.0
2012-04-01,owala_water_bottle,Owala,0.0,6,0.0
2012-05-01,owala_water_bottle,Owala,0.0,6,0.0
2012-06-01,owala_water_bottle,Owala,0.0,6,0.0
2012-07-01,owala_water_bottle,Owala,0.0,6,0.0
2012-08-01,owala_water_bottle,Owala,0.0,6,0.0
2012-09-01,owala_water_bottle,Owala,0.0,6,0.0
2012-10-01,owala_water_bottle,Owala,0.0,6,0.0
2012-11-01,owala_water_bottle,Owala,0.0,6,0.0
2012-12-01,owala_water_bottle,Owala,0.0,6,0.0
2013-01-01,owala_water_bottle,Owala,0.0,6,0.0
2013-02-01,owala_water_bottle,Owala,0.0,6,0.0
2013-03-01,owala_water_bottle,Owala,0.0,6,0.0
2013-04-01,owala_water_bottle,Owala,0.0,6,0.0
2013-05-01,owala_water_bottle,Owala,0.0,6,0.0
2013-06-01,owala_water_bottle,Owala,0.0,6,0.0
2013-07-01,owala_water_bottle,Owala,0.0,6,0.0
2013-08-01,owala_water_bottle,Owala,0.0,6,0.0
2013-09-01,owala_water_bottle,Owala,0.0,6,0.0
2013-10-01,owala_water_bottle,Owala,0.0,6,0.0
2013-11-01,owala_water_bottle,Owala,0.0,6,0.0
2013-12-01,owala_water_bottle,Owala,0.0,6,0.0
2014-01-01,owala_water_bottle,Owala,0.0,6,0.0
2014-02-01,owala_water_bottle,Owala,0.0,6,0.0
2014-03-01,owala_water_bottle,Owala,0.0,6,0.0
2014-04-01,owala_water_bottle,Owala,0.0,6,0.0
2014-05-01,owala_water_bottle,Owala,0.0,6,0.0
2014-06-01,owala_water_bottle,Owala,0.0,6,0.0
2014-07-01,owala_water_bottle,Owala,0.0,6,0.0
2014-08-01,owala_water_bottle,Owala,0.0,6,0.0
2014-09-01,owala_water_bottle,Owala,0.0,6,0.0
2014-10-01,owala_water_bottle,Owala,0.0,6,0.0
2014-11-01,owala_water_bottle,Owala,0.0,6,0.0
2014-12-01,owala_water_bottle,Owala,0.0,6,0.0
2015-01-01,owala_water_bottle,Owala,0.0,6,0.0
2015-02-01,owala_water_bottle,Owala,0.0,6,0.0
2015-03-01,owala_water_bottle,Owala,0.0,6,0.0
2015-04-01,owala_water_bottle,Owala,0.0,6,0.0
2015-05-01,owala_water_bottle,Owala,0.0,6,0.0
2015-06-01,owala_water_bottle,Owala,0.0,6,0.0
2015-07-01,owala_water_bottle,Owala,0.0,6,0.0
2015-08-01,owala_water_bottle,Owala,0.0,6,0.0
2015-09-01,owala_water_bottle,Owala,0.0,6,0.0
2015-10-01,owala_water_bottle,Owala,0.0,6,0.0
2015-11-01,owala_water_bottle,Owala,0.0,6,0.0
2015-12-01,owala_water_bottle,Owala,0.0,6,0.0
2016-01-01,owala_water_bottle,Owala,0.0,6,0.0
2016-02-01,owala_water_bottle,Owala,0.0,6,0.0
2016-03-01,owala_water_bottle,Owala,0.0,6,0.0
2016-04-01,owala_water_bottle,Owala,0.0,6,0.0
2016-05-01,owala_water_bottle,Owala,0.0,6,0.0
2016-06-01,owala_water_bottle,Owala,0.0,6,0.0
2016-07-01,owala_water_bottle,Owala,0.0,6,0.0
2016-08-01,owala_water_bottle,Owala,0.0,6,0.0
2016-09-01,owala_water_bottle,Owala,0.0,6,0.0
2016-10-01,owala_water_bottle,Owala,0.0,6,0.0
2016-11-01,owala_water_bottle,Owala,0.0,6,0.0
2016-12-01,owala_water_bottle,Owala,0.0,6,0.0
2017-01-01,owala_water_bottle,Owala,0.0,6,0.0
2017-02-01,owala_water_bottle,Owala,0.002525252525252525,6,0.002525252525252525
2017-03-01,owala_water_bottle,Owala,0.0026881720430107525,6,0.005213424568263278
2017-04-01,owala_water_bottle,Owala,0.0028248587570621464,6,0.008038283325325423
2017-05-01,owala_water_bottle,Owala,0.0,6,0.008038283325325423
2017-06-01,owala_water_bottle,Owala,0.0,6,0.008038283325325423
2017-07-01,owala_water_bottle,Owala,0.0,6,0.008038283325325423
2017-08-01,owala_water_bottle,Owala,0.0,6,0.008038283325325423
2017-09-01,owala_water_bottle,Owala,0.0,6,0.008038283325325423
2017-10-01,owala_water_bottle,Owala,0.0,6,0.008038283325325423
2017-11-01,owala_water_bottle,Owala,0.0,6,0.008038283325325423
2017-12-01,owala_water_bottle,Owala,0.0,6,0.008038283325325423
2018-01-01,owala_water_bottle,Owala,0.0,6,0.008038283325325423
2018-02-01,owala_water_bottle,Owala,0.0,6,0.008038283325325423
2018-03-01,owala_water_bottle,Owala,0.0,6,0.008038283325325423
2018-04-01,owala_water_bottle,Owala,0.0,6,0.008038283325325423
2018-05-01,owala_water_bottle,Owala,0.0,6,0.008038283325325423
2018-06-01,owala_water_bottle,Owala,0.0,6,0.008038283325325423
2018-07-01,owala_water_bottle,Owala,0.0,6,0.008038283325325423
2018-08-01,owala_water_bottle,Owala,0.0,6,0.008038283325325423
2018-09-01,owala_water_bottle,Owala,0.0,6,0.008038283325325423
2018-10-01,owala_water_bottle,Owala,0.0,6,0.008038283325325423
2018-11-01,owala_water_bottle,Owala,0.0,6,0.008038283325325423
2018-12-01,owala_water_bottle,Owala,0.0,6,0.008038283325325423
2019-01-01,owala_water_bottle,Owala,0.0,6,0.008038283325325423
2019-02-01,owala_water_bottle,Owala,0.0,6,0.008038283325325423
2019-03-01,owala_water_bottle,Owala,0.0,6,0.008038283325325423
2019-04-01,owala_water_bottle,Owala,0.0,6,0.008038283325325423
2019-05-01,owala_water_bottle,Owala,0.0,6,0.008038283325325423
2019-06-01,owala_water_bottle,Owala,0.0,6,0.008038283325325423
2019-07-01,owala_water_bottle,Owala,0.0,6,0.008038283325325423
2019-08-01,owala_water_bottle,Owala,0.0,6,0.008038283325325423
2019-09-01,owala_water_bottle,Owala,0.0,6,0.008038283325325423
2019-10-01,owala_water_bottle,Owala,0.0,6,0.008038283325325423
2019-11-01,owala_water_bottle,Owala,0.0,6,0.008038283325325423
2019-12-01,owala_water_bottle,Owala,0.0,6,0.008038283325325423
2020-01-01,owala_water_bottle,Owala,0.0,6,0.008038283325325423
2020-02-01,owala_water_bottle,Owala,0.0,6,0.008038283325325423
2020-03-01,owala_water_bottle,Owala,0.0,6,0.008038283325325423
2020-04-01,owala_water_bottle,Owala,0.0,6,0.008038283325325423
2020-05-01,owala_water_bottle,Owala,0.0,6,0.008038283325325423
2020-06-01,owala_water_bottle,Owala,0.0,6,0.008038283325325423
2020-07-01,owala_water_bottle,Owala,0.0,6,0.008038283325325423
2020-08-01,owala_water_bottle,Owala,0.0,6,0.008038283325325423
2020-09-01,owala_water_bottle,Owala,0.0,6,0.008038283325325423
2020-10-01,owala_water_bottle,Owala,0.0,6,0.008038283325325423
2020-11-01,owala_water_bottle,Owala,0.0,6,0.008038283325325423
2020-12-01,owala_water_bottle,Owala,0.0,6,0.008038283325325423
2021-01-01,owala_water_bottle,Owala,0.0,6,0.008038283325325423
2021-02-01,owala_water_bottle,Owala,0.0,6,0.008038283325325423
2021-03-01,owala_water_bottle,Owala,0.0,6,0.008038283325325423
2021-04-01,owala_water_bottle,Owala,0.0,6,0.008038283325325423
2021-05-01,owala_water_bottle,Owala,0.0,6,0.008038283325325423
2021-06-01,owala_water_bottle,Owala,0.0,6,0.008038283325325423
2021-07-01,owala_water_bottle,Owala,0.0,6,0.008038283325325423
2021-08-01,owala_water_bottle,Owala,0.0,6,0.008038283325325423
2021-09-01,owala_water_bottle,Owala,0.0,6,0.008038283325325423
2021-10-01,owala_water_bottle,Owala,0.0,6,0.008038283325325423
2021-11-01,owala_water_bottle,Owala,0.0,6,0.008038283325325423
2021-12-01,owala_water_bottle,Owala,0.0,6,0.008038283325325423
2022-01-01,owala_water_bottle,Owala,0.0,6,0.008038283325325423
2022-02-01,owala_water_bottle,Owala,0.0,6,0.008038283325325423
2022-03-01,owala_water_bottle,Owala,0.0014749262536873156,6,0.009513209579012739
2022-04-01,owala_water_bottle,Owala,0.0014005602240896359,6,0.010913769803102375
2022-05-01,owala_water_bottle,Owala,0.0013123359580052493,6,0.012226105761107624
2022-06-01,owala_water_bottle,Owala,0.0012254901960784311,6,0.013451595957186056
2022-07-01,owala_water_bottle,Owala,0.0023148148148148147,6,0.01576641077200087
2022-08-01,owala_water_bottle,Owala,0.0033333333333333335,6,0.019099744105334205
2022-09-01,owala_water_bottle,Owala,0.0034246575342465756,6,0.02252440163958078
2022-10-01,owala_water_bottle,Owala,0.00373134328358209,6,0.02625574492316287
2022-11-01,owala_water_bottle,Owala,0.0040650406504065045,6,0.030320785573569375
2022-12-01,owala_water_bottle,Owala,0.004032258064516129,6,0.0343530436380855
2023-01-01,owala_water_bottle,Owala,0.006890860325974829,6,0.04124390396406033
2023-02-01,owala_water_bottle,Owala,0.008814965497985721,6,0.05005886946204605
2023-03-01,owala_water_bottle,Owala,0.010909380474597866,6,0.06096824993664392
2023-04-01,owala_water_bottle,Owala,0.009949341438703142,6,0.07091759137534706
2023-05-01,owala_water_bottle,Owala,0.009647147147147147,6,0.08056473852249421
2023-06-01,owala_water_bottle,Owala,0.00940688775510204,6,0.08997162627759625
2023-07-01,owala_water_bottle,Owala,0.00972975244819905,6,0.09970137872579529
2023-08-01,owala_water_bottle,Owala,0.014543738611593249,6,0.11424511733738854
2023-09-01,owala_water_bottle,Owala,0.01703334798997326,6,0.13127846532736182
2023-10-01,owala_water_bottle,Owala,0.019949515191809264,6,0.15122798051917108
2023-11-01,owala_water_bottle,Owala,0.025241496638930865,6,0.17646947715810193
2023-12-01,owala_water_bottle,Owala,0.030525511742321227,6,0.20699498890042317
2024-01-01,owala_water_bottle,Owala,0.040488106444413294,6,0.24748309534483645
2024-02-01,owala_water_bottle,Owala,0.046001881787651515,6,0.293484977132488
2024-03-01,owala_water_bottle,Owala,0.04920203193232508,6,0.34268700906481303
2024-04-01,owala_water_bottle,Owala,0.05057499436384814,6,0.3932620034286612
2024-05-01,owala_water_bottle,Owala,0.0484227947285514,6,0.44168479815721257
2024-06-01,owala_water_bottle,Owala,0.05187336234774901,6,0.4935581605049616
2024-07-01,owala_water_bottle,Owala,0.05611042012538476,6,0.5496685806303464
2024-08-01,owala_water_bottle,Owala,0.07097577115387964,6,0.620644351784226
2024-09-01,owala_water_bottle,Owala,0.0768224600614834,6,0.6974668118457094
2024-10-01,owala_water_bottle,Owala,0.07914845295520742,6,0.7766152648009168
2024-11-01,owala_water_bottle,Owala,0.078218747711923,6,0.8548340125128399
2024-12-01,owala_water_bottle,Owala,0.08652896019338102,6,0.9413629727062208
2025-01-01,owala_water_bottle,Owala,0.08753047352948111,6,1.028893446235702
2025-02-01,owala_water_bottle,Owala,0.08135125286490719,6,1.1102446991006092
2025-03-01,owala_water_bottle,Owala,0.07056300534998378,6,1.180807704450593
2025-04-01,owala_water_bottle,Owala,0.07061802157956004,6,1.251425726030153
2025-05-01,owala_water_bottle,Owala,0.07361563792483176,6,1.3250413639549847
2025-06-01,owala_water_bottle,Owala,0.07212730133656318,6,1.3971686652915478
2025-07-01,owala_water_bottle,Owala,0.07554818607774273,6,1.4727168513692905
2025-08-01,owala_water_bottle,Owala,0.08325840370634353,6,1.555975255075634
2025-09-01,owala_water_bottle,Owala,0.09620350371543634,6,1.6521787587910706
2025-10-01,owala_water_bottle,Owala,0.09795836246840427,6,1.7501371212594747
2025-11-01,owala_water_bottle,Owala,0.11054288918229956,6,1.8606800104417744
2025-12-01,owala_water_bottle,Owala,0.12087044283526127,6,1.9815504532770356
2026-01-01,owala_water_bottle,Owala,0.12246086682237318,6,2.1040113200994086
2026-02-01,owala_water_bottle,Owala,0.1072009684451627,6,2.2112122885445715
2026-03-01,owala_water_bottle,Owala,0.09360437394575567,6,2.3048166624903272
2026-04-01,owala_water_bottle,Owala,0.08897108447846835,6,2.3937877469687954
2026-05-01,owala_water_bottle,Owala,0.08655810475272968,6,2.480345851721525
2026-06-01,owala_water_bottle,Owala,0.08284860284179152,6,2.5631944545633165
2010-01-01,stanley_water_bottle,Stanley,0.0,6,0.0
2010-02-01,stanley_water_bottle,Stanley,0.0,6,0.0
2010-03-01,stanley_water_bottle,Stanley,0.0,6,0.0
2010-04-01,stanley_water_bottle,Stanley,0.0,6,0.0
2010-05-01,stanley_water_bottle,Stanley,0.0,6,0.0
2010-06-01,stanley_water_bottle,Stanley,0.0,6,0.0
2010-07-01,stanley_water_bottle,Stanley,0.0,6,0.0
2010-08-01,stanley_water_bottle,Stanley,0.0,6,0.0
2010-09-01,stanley_water_bottle,Stanley,0.0,6,0.0
2010-10-01,stanley_water_bottle,Stanley,0.0,6,0.0
2010-11-01,stanley_water_bottle,Stanley,0.0,6,0.0
2010-12-01,stanley_water_bottle,Stanley,0.0,6,0.0
2011-01-01,stanley_water_bottle,Stanley,0.0,6,0.0
2011-02-01,stanley_water_bottle,Stanley,0.0,6,0.0
2011-03-01,stanley_water_bottle,Stanley,0.0,6,0.0
2011-04-01,stanley_water_bottle,Stanley,0.0,6,0.0
2011-05-01,stanley_water_bottle,Stanley,0.0,6,0.0
2011-06-01,stanley_water_bottle,Stanley,0.0,6,0.0
2011-07-01,stanley_water_bottle,Stanley,0.0,6,0.0
2011-08-01,stanley_water_bottle,Stanley,0.0,6,0.0
2011-09-01,stanley_water_bottle,Stanley,0.0,6,0.0
2011-10-01,stanley_water_bottle,Stanley,0.0,6,0.0
2011-11-01,stanley_water_bottle,Stanley,0.0,6,0.0
2011-12-01,stanley_water_bottle,Stanley,0.0,6,0.0
2012-01-01,stanley_water_bottle,Stanley,0.0,6,0.0
2012-02-01,stanley_water_bottle,Stanley,0.0,6,0.0
2012-03-01,stanley_water_bottle,Stanley,0.0,6,0.0
2012-04-01,stanley_water_bottle,Stanley,0.0,6,0.0
2012-05-01,stanley_water_bottle,Stanley,0.0,6,0.0
2012-06-01,stanley_water_bottle,Stanley,0.0,6,0.0
2012-07-01,stanley_water_bottle,Stanley,0.0,6,0.0
2012-08-01,stanley_water_bottle,Stanley,0.0,6,0.0
2012-09-01,stanley_water_bottle,Stanley,0.0,6,0.0
2012-10-01,stanley_water_bottle,Stanley,0.0,6,0.0
2012-11-01,stanley_water_bottle,Stanley,0.0,6,0.0
2012-12-01,stanley_water_bottle,Stanley,0.0,6,0.0
2013-01-01,stanley_water_bottle,Stanley,0.0,6,0.0
2013-02-01,stanley_water_bottle,Stanley,0.0,6,0.0
2013-03-01,stanley_water_bottle,Stanley,0.0,6,0.0
2013-04-01,stanley_water_bottle,Stanley,0.0,6,0.0
2013-05-01,stanley_water_bottle,Stanley,0.0,6,0.0
2013-06-01,stanley_water_bottle,Stanley,0.0,6,0.0
2013-07-01,stanley_water_bottle,Stanley,0.0,6,0.0
2013-08-01,stanley_water_bottle,Stanley,0.0,6,0.0
2013-09-01,stanley_water_bottle,Stanley,0.0,6,0.0
2013-10-01,stanley_water_bottle,Stanley,0.0,6,0.0
2013-11-01,stanley_water_bottle,Stanley,0.0,6,0.0
2013-12-01,stanley_water_bottle,Stanley,0.0,6,0.0
2014-01-01,stanley_water_bottle,Stanley,0.0,6,0.0
2014-02-01,stanley_water_bottle,Stanley,0.0,6,0.0
2014-03-01,stanley_water_bottle,Stanley,0.0,6,0.0
2014-04-01,stanley_water_bottle,Stanley,0.0,6,0.0
2014-05-01,stanley_water_bottle,Stanley,0.0,6,0.0
2014-06-01,stanley_water_bottle,Stanley,0.0,6,0.0
2014-07-01,stanley_water_bottle,Stanley,0.0,6,0.0
2014-08-01,stanley_water_bottle,Stanley,0.0,6,0.0
2014-09-01,stanley_water_bottle,Stanley,0.0,6,0.0
2014-10-01,stanley_water_bottle,Stanley,0.0,6,0.0
2014-11-01,stanley_water_bottle,Stanley,0.0,6,0.0
2014-12-01,stanley_water_bottle,Stanley,0.0,6,0.0
2015-01-01,stanley_water_bottle,Stanley,0.0,6,0.0
2015-02-01,stanley_water_bottle,Stanley,0.0,6,0.0
2015-03-01,stanley_water_bottle,Stanley,0.0,6,0.0
2015-04-01,stanley_water_bottle,Stanley,0.0,6,0.0
2015-05-01,stanley_water_bottle,Stanley,0.0,6,0.0
2015-06-01,stanley_water_bottle,Stanley,0.0,6,0.0
2015-07-01,stanley_water_bottle,Stanley,0.0,6,0.0
2015-08-01,stanley_water_bottle,Stanley,0.0,6,0.0
2015-09-01,stanley_water_bottle,Stanley,0.0,6,0.0
2015-10-01,stanley_water_bottle,Stanley,0.0,6,0.0
2015-11-01,stanley_water_bottle,Stanley,0.0,6,0.0
2015-12-01,stanley_water_bottle,Stanley,0.0,6,0.0
2016-01-01,stanley_water_bottle,Stanley,0.0,6,0.0
2016-02-01,stanley_water_bottle,Stanley,0.0,6,0.0
2016-03-01,stanley_water_bottle,Stanley,0.0,6,0.0
2016-04-01,stanley_water_bottle,Stanley,0.0,6,0.0
2016-05-01,stanley_water_bottle,Stanley,0.0,6,0.0
2016-06-01,stanley_water_bottle,Stanley,0.0,6,0.0
2016-07-01,stanley_water_bottle,Stanley,0.0,6,0.0
2016-08-01,stanley_water_bottle,Stanley,0.0,6,0.0
2016-09-01,stanley_water_bottle,Stanley,0.0,6,0.0
2016-10-01,stanley_water_bottle,Stanley,0.0,6,0.0
2016-11-01,stanley_water_bottle,Stanley,0.0,6,0.0
2016-12-01,stanley_water_bottle,Stanley,0.0,6,0.0
2017-01-01,stanley_water_bottle,Stanley,0.0,6,0.0
2017-02-01,stanley_water_bottle,Stanley,0.0,6,0.0
2017-03-01,stanley_water_bottle,Stanley,0.0,6,0.0
2017-04-01,stanley_water_bottle,Stanley,0.0,6,0.0
2017-05-01,stanley_water_bottle,Stanley,0.0,6,0.0
2017-06-01,stanley_water_bottle,Stanley,0.0,6,0.0
2017-07-01,stanley_water_bottle,Stanley,0.0,6,0.0
2017-08-01,stanley_water_bottle,Stanley,0.0,6,0.0
2017-09-01,stanley_water_bottle,Stanley,0.0,6,0.0
2017-10-01,stanley_water_bottle,Stanley,0.0,6,0.0
2017-11-01,stanley_water_bottle,Stanley,0.0,6,0.0
2017-12-01,stanley_water_bottle,Stanley,0.0,6,0.0
2018-01-01,stanley_water_bottle,Stanley,0.0,6,0.0
2018-02-01,stanley_water_bottle,Stanley,0.0,6,0.0
2018-03-01,stanley_water_bottle,Stanley,0.0,6,0.0
2018-04-01,stanley_water_bottle,Stanley,0.0,6,0.0
2018-05-01,stanley_water_bottle,Stanley,0.0,6,0.0
2018-06-01,stanley_water_bottle,Stanley,0.0,6,0.0
2018-07-01,stanley_water_bottle,Stanley,0.0,6,0.0
2018-08-01,stanley_water_bottle,Stanley,0.0,6,0.0
2018-09-01,stanley_water_bottle,Stanley,0.0,6,0.0
2018-10-01,stanley_water_bottle,Stanley,0.0,6,0.0
2018-11-01,stanley_water_bottle,Stanley,0.0,6,0.0
2018-12-01,stanley_water_bottle,Stanley,0.0,6,0.0
2019-01-01,stanley_water_bottle,Stanley,0.0,6,0.0
2019-02-01,stanley_water_bottle,Stanley,0.0,6,0.0
2019-03-01,stanley_water_bottle,Stanley,0.0,6,0.0
2019-04-01,stanley_water_bottle,Stanley,0.0,6,0.0
2019-05-01,stanley_water_bottle,Stanley,0.0,6,0.0
2019-06-01,stanley_water_bottle,Stanley,0.0,6,0.0
2019-07-01,stanley_water_bottle,Stanley,0.0,6,0.0
2019-08-01,stanley_water_bottle,Stanley,0.0,6,0.0
2019-09-01,stanley_water_bottle,Stanley,0.0,6,0.0
2019-10-01,stanley_water_bottle,Stanley,0.0,6,0.0
2019-11-01,stanley_water_bottle,Stanley,0.0,6,0.0
2019-12-01,stanley_water_bottle,Stanley,0.0,6,0.0
2020-01-01,stanley_water_bottle,Stanley,0.0,6,0.0
2020-02-01,stanley_water_bottle,Stanley,0.0,6,0.0
2020-03-01,stanley_water_bottle,Stanley,0.0,6,0.0
2020-04-01,stanley_water_bottle,Stanley,0.0,6,0.0
2020-05-01,stanley_water_bottle,Stanley,0.0,6,0.0
2020-06-01,stanley_water_bottle,Stanley,0.0,6,0.0
2020-07-01,stanley_water_bottle,Stanley,0.0,6,0.0
2020-08-01,stanley_water_bottle,Stanley,0.0,6,0.0
2020-09-01,stanley_water_bottle,Stanley,0.0,6,0.0
2020-10-01,stanley_water_bottle,Stanley,0.0,6,0.0
2020-11-01,stanley_water_bottle,Stanley,0.0,6,0.0
2020-12-01,stanley_water_bottle,Stanley,0.0,6,0.0
2021-01-01,stanley_water_bottle,Stanley,0.0,6,0.0
2021-02-01,stanley_water_bottle,Stanley,0.0,6,0.0
2021-03-01,stanley_water_bottle,Stanley,0.0,6,0.0
2021-04-01,stanley_water_bottle,Stanley,0.0,6,0.0
2021-05-01,stanley_water_bottle,Stanley,0.0,6,0.0
2021-06-01,stanley_water_bottle,Stanley,0.0,6,0.0
2021-07-01,stanley_water_bottle,Stanley,0.0,6,0.0
2021-08-01,stanley_water_bottle,Stanley,0.0,6,0.0
2021-09-01,stanley_water_bottle,Stanley,0.0,6,0.0
2021-10-01,stanley_water_bottle,Stanley,0.0,6,0.0
2021-11-01,stanley_water_bottle,Stanley,0.0014749262536873156,6,0.0014749262536873156
2021-12-01,stanley_water_bottle,Stanley,0.0012531328320802004,6,0.002728059085767516
2022-01-01,stanley_water_bottle,Stanley,0.0010964912280701754,6,0.0038245503138376914
2022-02-01,stanley_water_bottle,Stanley,0.0,6,0.0038245503138376914
2022-03-01,stanley_water_bottle,Stanley,0.0,6,0.0038245503138376914
2022-04-01,stanley_water_bottle,Stanley,0.0,6,0.0038245503138376914
2022-05-01,stanley_water_bottle,Stanley,0.0,6,0.0038245503138376914
2022-06-01,stanley_water_bottle,Stanley,0.0,6,0.0038245503138376914
2022-07-01,stanley_water_bottle,Stanley,0.0,6,0.0038245503138376914
2022-08-01,stanley_water_bottle,Stanley,0.0019444444444444442,6,0.005768994758282135
2022-09-01,stanley_water_bottle,Stanley,0.003941479815534201,6,0.009710474573816337
2022-10-01,stanley_water_bottle,Stanley,0.005204953493402552,6,0.014915428067218888
2022-11-01,stanley_water_bottle,Stanley,0.006684867144529433,6,0.021600295211748322
2022-12-01,stanley_water_bottle,Stanley,0.008283110235054809,6,0.02988340544680313
2023-01-01,stanley_water_bottle,Stanley,0.012127933884196357,6,0.042011339330999486
2023-02-01,stanley_water_bottle,Stanley,0.014713412734273816,6,0.056724752065273304
2023-03-01,stanley_water_bottle,Stanley,0.01541520531098734,6,0.07213995737626064
2023-04-01,stanley_water_bottle,Stanley,0.015369074989049167,6,0.08750903236530981
2023-05-01,stanley_water_bottle,Stanley,0.014680375366543411,6,0.10218940773185323
2023-06-01,stanley_water_bottle,Stanley,0.015827883430603217,6,0.11801729116245643
2023-07-01,stanley_water_bottle,Stanley,0.015077187176596209,6,0.13309447833905264
2023-08-01,stanley_water_bottle,Stanley,0.01751779261945495,6,0.1506122709585076
2023-09-01,stanley_water_bottle,Stanley,0.022015529245136296,6,0.1726278002036439
2023-10-01,stanley_water_bottle,Stanley,0.025898363766373455,6,0.19852616397001735
2023-11-01,stanley_water_bottle,Stanley,0.030498034025570827,6,0.22902419799558818
2023-12-01,stanley_water_bottle,Stanley,0.0343964637685596,6,0.2634206617641478
2024-01-01,stanley_water_bottle,Stanley,0.039830336312408024,6,0.3032509980765558
2024-02-01,stanley_water_bottle,Stanley,0.03962947581839894,6,0.34288047389495474
2024-03-01,stanley_water_bottle,Stanley,0.035628171034889786,6,0.37850864492984454
2024-04-01,stanley_water_bottle,Stanley,0.028280337888733492,6,0.406788982818578
2024-05-01,stanley_water_bottle,Stanley,0.023755765158904863,6,0.4305447479774829
2024-06-01,stanley_water_bottle,Stanley,0.023630653871733576,6,0.45417540184921645
2024-07-01,stanley_water_bottle,Stanley,0.02516261578106509,6,0.47933801763028155
2024-08-01,stanley_water_bottle,Stanley,0.02689097476653989,6,0.5062289923968214
2024-09-01,stanley_water_bottle,Stanley,0.026755951792699375,6,0.5329849441895208
2024-10-01,stanley_water_bottle,Stanley,0.02718774184316675,6,0.5601726860326876
2024-11-01,stanley_water_bottle,Stanley,0.029603028131904657,6,0.5897757141645922
2024-12-01,stanley_water_bottle,Stanley,0.0329758135357077,6,0.6227515277003
2025-01-01,stanley_water_bottle,Stanley,0.03391715062484159,6,0.6566686783251415
2025-02-01,stanley_water_bottle,Stanley,0.03330796398062542,6,0.6899766423057669
2025-03-01,stanley_water_bottle,Stanley,0.032274477559469016,6,0.7222511198652359
2025-04-01,stanley_water_bottle,Stanley,0.030246623035084574,6,0.7524977429003206
2025-05-01,stanley_water_bottle,Stanley,0.0301252803474665,6,0.782623023247787
2025-06-01,stanley_water_bottle,Stanley,0.027878932204481944,6,0.810501955452269
2025-07-01,stanley_water_bottle,Stanley,0.027286724248315995,6,0.8377886797005849
2025-08-01,stanley_water_bottle,Stanley,0.02452297808622686,6,0.8623116577868118
2025-09-01,stanley_water_bottle,Stanley,0.026321044204688365,6,0.8886327019915001
2025-10-01,stanley_water_bottle,Stanley,0.026837669899627214,6,0.9154703718911273
2025-11-01,stanley_water_bottle,Stanley,0.03160312380782817,6,0.9470734956989556
2025-12-01,stanley_water_bottle,Stanley,0.034763876112962035,6,0.9818373718119175
2026-01-01,stanley_water_bottle,Stanley,0.03623391294303102,6,1.0180712847549487
2026-02-01,stanley_water_bottle,Stanley,0.03205304215784941,6,1.050124326912798
2026-03-01,stanley_water_bottle,Stanley,0.02869222215547806,6,1.0788165490682762
2026-04-01,stanley_water_bottle,Stanley,0.028126735284198633,6,1.1069432843524747
2026-05-01,stanley_water_bottle,Stanley,0.029060222791414247,6,1.136003507143889
2026-06-01,stanley_water_bottle,Stanley,0.02713107373215548,6,1.1631345808760445
2010-01-01,yeti_water_bottle,Yeti,0.0,6,0.0
2010-02-01,yeti_water_bottle,Yeti,0.0,6,0.0
2010-03-01,yeti_water_bottle,Yeti,0.0,6,0.0
2010-04-01,yeti_water_bottle,Yeti,0.0,6,0.0
2010-05-01,yeti_water_bottle,Yeti,0.0,6,0.0
2010-06-01,yeti_water_bottle,Yeti,0.0,6,0.0
2010-07-01,yeti_water_bottle,Yeti,0.0,6,0.0
2010-08-01,yeti_water_bottle,Yeti,0.0,6,0.0
2010-09-01,yeti_water_bottle,Yeti,0.0,6,0.0
2010-10-01,yeti_water_bottle,Yeti,0.0,6,0.0
2010-11-01,yeti_water_bottle,Yeti,0.0,6,0.0
2010-12-01,yeti_water_bottle,Yeti,0.0,6,0.0
2011-01-01,yeti_water_bottle,Yeti,0.0,6,0.0
2011-02-01,yeti_water_bottle,Yeti,0.0,6,0.0
2011-03-01,yeti_water_bottle,Yeti,0.0,6,0.0
2011-04-01,yeti_water_bottle,Yeti,0.0,6,0.0
2011-05-01,yeti_water_bottle,Yeti,0.0,6,0.0
2011-06-01,yeti_water_bottle,Yeti,0.0,6,0.0
2011-07-01,yeti_water_bottle,Yeti,0.0,6,0.0
2011-08-01,yeti_water_bottle,Yeti,0.0,6,0.0
2011-09-01,yeti_water_bottle,Yeti,0.0,6,0.0
2011-10-01,yeti_water_bottle,Yeti,0.010416666666666666,6,0.010416666666666666
2011-11-01,yeti_water_bottle,Yeti,0.009803921568627449,6,0.020220588235294115
2011-12-01,yeti_water_bottle,Yeti,0.008333333333333333,6,0.028553921568627447
2012-01-01,yeti_water_bottle,Yeti,0.0,6,0.028553921568627447
2012-02-01,yeti_water_bottle,Yeti,0.0,6,0.028553921568627447
2012-03-01,yeti_water_bottle,Yeti,0.0,6,0.028553921568627447
2012-04-01,yeti_water_bottle,Yeti,0.0,6,0.028553921568627447
2012-05-01,yeti_water_bottle,Yeti,0.0,6,0.028553921568627447
2012-06-01,yeti_water_bottle,Yeti,0.0,6,0.028553921568627447
2012-07-01,yeti_water_bottle,Yeti,0.0,6,0.028553921568627447
2012-08-01,yeti_water_bottle,Yeti,0.0,6,0.028553921568627447
2012-09-01,yeti_water_bottle,Yeti,0.0,6,0.028553921568627447
2012-10-01,yeti_water_bottle,Yeti,0.0,6,0.028553921568627447
2012-11-01,yeti_water_bottle,Yeti,0.0,6,0.028553921568627447
2012-12-01,yeti_water_bottle,Yeti,0.0,6,0.028553921568627447
2013-01-01,yeti_water_bottle,Yeti,0.0,6,0.028553921568627447
2013-02-01,yeti_water_bottle,Yeti,0.0,6,0.028553921568627447
2013-03-01,yeti_water_bottle,Yeti,0.0,6,0.028553921568627447
2013-04-01,yeti_water_bottle,Yeti,0.0,6,0.028553921568627447
2013-05-01,yeti_water_bottle,Yeti,0.0,6,0.028553921568627447
2013-06-01,yeti_water_bottle,Yeti,0.0,6,0.028553921568627447
2013-07-01,yeti_water_bottle,Yeti,0.0,6,0.028553921568627447
2013-08-01,yeti_water_bottle,Yeti,0.0,6,0.028553921568627447
2013-09-01,yeti_water_bottle,Yeti,0.0,6,0.028553921568627447
2013-10-01,yeti_water_bottle,Yeti,0.0,6,0.028553921568627447
2013-11-01,yeti_water_bottle,Yeti,0.0,6,0.028553921568627447
2013-12-01,yeti_water_bottle,Yeti,0.0,6,0.028553921568627447
2014-01-01,yeti_water_bottle,Yeti,0.0,6,0.028553921568627447
2014-02-01,yeti_water_bottle,Yeti,0.0,6,0.028553921568627447
2014-03-01,yeti_water_bottle,Yeti,0.0,6,0.028553921568627447
2014-04-01,yeti_water_bottle,Yeti,0.0,6,0.028553921568627447
2014-05-01,yeti_water_bottle,Yeti,0.0,6,0.028553921568627447
2014-06-01,yeti_water_bottle,Yeti,0.0,6,0.028553921568627447
2014-07-01,yeti_water_bottle,Yeti,0.0,6,0.028553921568627447
2014-08-01,yeti_water_bottle,Yeti,0.0,6,0.028553921568627447
2014-09-01,yeti_water_bottle,Yeti,0.0,6,0.028553921568627447
2014-10-01,yeti_water_bottle,Yeti,0.0,6,0.028553921568627447
2014-11-01,yeti_water_bottle,Yeti,0.0,6,0.028553921568627447
2014-12-01,yeti_water_bottle,Yeti,0.0,6,0.028553921568627447
2015-01-01,yeti_water_bottle,Yeti,0.0,6,0.028553921568627447
2015-02-01,yeti_water_bottle,Yeti,0.0,6,0.028553921568627447
2015-03-01,yeti_water_bottle,Yeti,0.0,6,0.028553921568627447
2015-04-01,yeti_water_bottle,Yeti,0.0,6,0.028553921568627447
2015-05-01,yeti_water_bottle,Yeti,0.0,6,0.028553921568627447
2015-06-01,yeti_water_bottle,Yeti,0.0,6,0.028553921568627447
2015-07-01,yeti_water_bottle,Yeti,0.0,6,0.028553921568627447
2015-08-01,yeti_water_bottle,Yeti,0.0,6,0.028553921568627447
2015-09-01,yeti_water_bottle,Yeti,0.0,6,0.028553921568627447
2015-10-01,yeti_water_bottle,Yeti,0.0,6,0.028553921568627447
2015-11-01,yeti_water_bottle,Yeti,0.0,6,0.028553921568627447
2015-12-01,yeti_water_bottle,Yeti,0.0,6,0.028553921568627447
2016-01-01,yeti_water_bottle,Yeti,0.0,6,0.028553921568627447
2016-02-01,yeti_water_bottle,Yeti,0.0,6,0.028553921568627447
2016-03-01,yeti_water_bottle,Yeti,0.0,6,0.028553921568627447
2016-04-01,yeti_water_bottle,Yeti,0.0,6,0.028553921568627447
2016-05-01,yeti_water_bottle,Yeti,0.0,6,0.028553921568627447
2016-06-01,yeti_water_bottle,Yeti,0.0,6,0.028553921568627447
2016-07-01,yeti_water_bottle,Yeti,0.0,6,0.028553921568627447
2016-08-01,yeti_water_bottle,Yeti,0.0,6,0.028553921568627447
2016-09-01,yeti_water_bottle,Yeti,0.0,6,0.028553921568627447
2016-10-01,yeti_water_bottle,Yeti,0.0,6,0.028553921568627447
2016-11-01,yeti_water_bottle,Yeti,0.0,6,0.028553921568627447
2016-12-01,yeti_water_bottle,Yeti,0.0,6,0.028553921568627447
2017-01-01,yeti_water_bottle,Yeti,0.0,6,0.028553921568627447
2017-02-01,yeti_water_bottle,Yeti,0.0,6,0.028553921568627447
2017-03-01,yeti_water_bottle,Yeti,0.0,6,0.028553921568627447
2017-04-01,yeti_water_bottle,Yeti,0.0,6,0.028553921568627447
2017-05-01,yeti_water_bottle,Yeti,0.0,6,0.028553921568627447
2017-06-01,yeti_water_bottle,Yeti,0.0,6,0.028553921568627447
2017-07-01,yeti_water_bottle,Yeti,0.0,6,0.028553921568627447
2017-08-01,yeti_water_bottle,Yeti,0.0,6,0.028553921568627447
2017-09-01,yeti_water_bottle,Yeti,0.0,6,0.028553921568627447
2017-10-01,yeti_water_bottle,Yeti,0.0070921985815602835,6,0.035646120150187734
2017-11-01,yeti_water_bottle,Yeti,0.006410256410256411,6,0.04205637656044414
2017-12-01,yeti_water_bottle,Yeti,0.0070076447033127045,6,0.04906402126375685
2018-01-01,yeti_water_bottle,Yeti,0.0019157088122605363,6,0.05097973007601738
2018-02-01,yeti_water_bottle,Yeti,0.0019379844961240308,6,0.052917714572141415
2018-03-01,yeti_water_bottle,Yeti,0.0,6,0.052917714572141415
2018-04-01,yeti_water_bottle,Yeti,0.0,6,0.052917714572141415
2018-05-01,yeti_water_bottle,Yeti,0.0,6,0.052917714572141415
2018-06-01,yeti_water_bottle,Yeti,0.0,6,0.052917714572141415
2018-07-01,yeti_water_bottle,Yeti,0.0017006802721088437,6,0.05461839484425026
2018-08-01,yeti_water_bottle,Yeti,0.010155776831555946,6,0.06477417167580621
2018-09-01,yeti_water_bottle,Yeti,0.011999043116064393,6,0.0767732147918706
2018-10-01,yeti_water_bottle,Yeti,0.010901201016919437,6,0.08767441580879004
2018-11-01,yeti_water_bottle,Yeti,0.0020833333333333333,6,0.08975774914212337
2018-12-01,yeti_water_bottle,Yeti,0.0035131789718945683,6,0.09327092811401794
2019-01-01,yeti_water_bottle,Yeti,0.0032524120759414876,6,0.09652334018995942
2019-02-01,yeti_water_bottle,Yeti,0.0032524120759414876,6,0.09977575226590091
2019-03-01,yeti_water_bottle,Yeti,0.0,6,0.09977575226590091
2019-04-01,yeti_water_bottle,Yeti,0.0,6,0.09977575226590091
2019-05-01,yeti_water_bottle,Yeti,0.002938447262604392,6,0.1027141995285053
2019-06-01,yeti_water_bottle,Yeti,0.005002689618074233,6,0.10771688914657954
2019-07-01,yeti_water_bottle,Yeti,0.007141122176341996,6,0.11485801132292153
2019-08-01,yeti_water_bottle,Yeti,0.007226716653512234,6,0.12208472797643377
2019-09-01,yeti_water_bottle,Yeti,0.008066581306017926,6,0.1301513092824517
2019-10-01,yeti_water_bottle,Yeti,0.00881679389312977,6,0.13896810317558148
2019-11-01,yeti_water_bottle,Yeti,0.009653916211293261,6,0.14862201938687472
2019-12-01,yeti_water_bottle,Yeti,0.009431513368521242,6,0.15805353275539596
2020-01-01,yeti_water_bottle,Yeti,0.008912037037037038,6,0.16696556979243302
2020-02-01,yeti_water_bottle,Yeti,0.008751675852822882,6,0.1757172456452559
2020-03-01,yeti_water_bottle,Yeti,0.00637800934243622,6,0.1820952549876921
2020-04-01,yeti_water_bottle,Yeti,0.003556454028152141,6,0.18565170901584424
2020-05-01,yeti_water_bottle,Yeti,0.0035512420050572654,6,0.1892029510209015
2020-06-01,yeti_water_bottle,Yeti,0.006570177109122072,6,0.1957731281300236
2020-07-01,yeti_water_bottle,Yeti,0.0087593984962406,6,0.20453252662626417
2020-08-01,yeti_water_bottle,Yeti,0.009628084810566562,6,0.21416061143683074
2020-09-01,yeti_water_bottle,Yeti,0.012320332919741953,6,0.2264809443565727
2020-10-01,yeti_water_bottle,Yeti,0.015273428810978215,6,0.2417543731675509
2020-11-01,yeti_water_bottle,Yeti,0.01752460788605367,6,0.2592789810536046
2020-12-01,yeti_water_bottle,Yeti,0.020438541292101164,6,0.27971752234570574
2021-01-01,yeti_water_bottle,Yeti,0.020768052037401886,6,0.30048557438310763
2021-02-01,yeti_water_bottle,Yeti,0.01773039273039273,6,0.31821596711350036
2021-03-01,yeti_water_bottle,Yeti,0.015179910044977513,6,0.33339587715847785
2021-04-01,yeti_water_bottle,Yeti,0.014096599277011646,6,0.34749247643548953
2021-05-01,yeti_water_bottle,Yeti,0.016677915260592428,6,0.36417039169608195
2021-06-01,yeti_water_bottle,Yeti,0.017522220594339857,6,0.3816926122904218
2021-07-01,yeti_water_bottle,Yeti,0.018106691335183472,6,0.3997993036256053
2021-08-01,yeti_water_bottle,Yeti,0.018325758219352648,6,0.4181250618449579
2021-09-01,yeti_water_bottle,Yeti,0.018480743133579003,6,0.43660580497853696
2021-10-01,yeti_water_bottle,Yeti,0.02087746042347577,6,0.4574832654020127
2021-11-01,yeti_water_bottle,Yeti,0.022550177095631643,6,0.48003344249764435
2021-12-01,yeti_water_bottle,Yeti,0.025364752947249363,6,0.5053981954448937
2022-01-01,yeti_water_bottle,Yeti,0.02993096468236328,6,0.535329160127257
2022-02-01,yeti_water_bottle,Yeti,0.0330431055417966,6,0.5683722656690536
2022-03-01,yeti_water_bottle,Yeti,0.03528020805399124,6,0.6036524737230449
2022-04-01,yeti_water_bottle,Yeti,0.034087972931959074,6,0.6377404466550038
2022-05-01,yeti_water_bottle,Yeti,0.03169209899204693,6,0.6694325456470508
2022-06-01,yeti_water_bottle,Yeti,0.03205609320160404,6,0.7014886388486549
2022-07-01,yeti_water_bottle,Yeti,0.03501324884232808,6,0.7365018876909829
2022-08-01,yeti_water_bottle,Yeti,0.04143610836446202,6,0.777937996055445
2022-09-01,yeti_water_bottle,Yeti,0.04079742267315433,6,0.8187354187285993
2022-10-01,yeti_water_bottle,Yeti,0.04065971279851217,6,0.8593951315271114
2022-11-01,yeti_water_bottle,Yeti,0.042240623761826225,6,0.9016357552889377
2022-12-01,yeti_water_bottle,Yeti,0.05063789104179958,6,0.9522736463307373
2023-01-01,yeti_water_bottle,Yeti,0.05595660371496385,6,1.0082302500457012
2023-02-01,yeti_water_bottle,Yeti,0.05689006185396437,6,1.0651203118996655
2023-03-01,yeti_water_bottle,Yeti,0.055747514600861796,6,1.1208678265005272
2023-04-01,yeti_water_bottle,Yeti,0.05338587920766364,6,1.174253705708191
2023-05-01,yeti_water_bottle,Yeti,0.051736884332411685,6,1.2259905900406025
2023-06-01,yeti_water_bottle,Yeti,0.05151258299677716,6,1.2775031730373798
2023-07-01,yeti_water_bottle,Yeti,0.052644914451900525,6,1.3301480874892804
2023-08-01,yeti_water_bottle,Yeti,0.056966263254788874,6,1.387114350744069
2023-09-01,yeti_water_bottle,Yeti,0.06357991948289216,6,1.4506942702269614
2023-10-01,yeti_water_bottle,Yeti,0.06940554027906995,6,1.5200998105060313
2023-11-01,yeti_water_bottle,Yeti,0.07682621763564595,6,1.5969260281416773
2023-12-01,yeti_water_bottle,Yeti,0.0806411657995921,6,1.6775671939412693
2024-01-01,yeti_water_bottle,Yeti,0.08402049913362569,6,1.761587693074895
2024-02-01,yeti_water_bottle,Yeti,0.08281827587057984,6,1.8444059689454748
2024-03-01,yeti_water_bottle,Yeti,0.07802883674219363,6,1.9224348056876686
2024-04-01,yeti_water_bottle,Yeti,0.0715771539759985,6,1.994011959663667
2024-05-01,yeti_water_bottle,Yeti,0.06647815360040064,6,2.0604901132640676
2024-06-01,yeti_water_bottle,Yeti,0.0629432656315798,6,2.1234333788956476
2024-07-01,yeti_water_bottle,Yeti,0.062307871290263515,6,2.185741250185911
2024-08-01,yeti_water_bottle,Yeti,0.06315574951866926,6,2.2488969997045802
2024-09-01,yeti_water_bottle,Yeti,0.06832571440563252,6,2.317222714110213
2024-10-01,yeti_water_bottle,Yeti,0.07215512002454598,6,2.3893778341347587
2024-11-01,yeti_water_bottle,Yeti,0.07903338839983698,6,2.4684112225345958
2024-12-01,yeti_water_bottle,Yeti,0.09116068804374944,6,2.559571910578345
2025-01-01,yeti_water_bottle,Yeti,0.09254030676701618,6,2.6521122173453615
2025-02-01,yeti_water_bottle,Yeti,0.09213255072940167,6,2.744244768074763
2025-03-01,yeti_water_bottle,Yeti,0.0832772590777403,6,2.8275220271525034
2025-04-01,yeti_water_bottle,Yeti,0.08213156477498067,6,2.909653591927484
2025-05-01,yeti_water_bottle,Yeti,0.0785781274176488,6,2.9882317193451327
2025-06-01,yeti_water_bottle,Yeti,0.07454943913075482,6,3.0627811584758877
2025-07-01,yeti_water_bottle,Yeti,0.07388904250511394,6,3.1366702009810017
2025-08-01,yeti_water_bottle,Yeti,0.07694912174009251,6,3.213619322721094
2025-09-01,yeti_water_bottle,Yeti,0.07750406260274018,6,3.2911233853238344
2025-10-01,yeti_water_bottle,Yeti,0.07743778624241118,6,3.3685611715662453
2025-11-01,yeti_water_bottle,Yeti,0.08464300285175368,6,3.453204174417999
2025-12-01,yeti_water_bottle,Yeti,0.09567390165945515,6,3.5488780760774543
2026-01-01,yeti_water_bottle,Yeti,0.09782451658546866,6,3.646702592662923
2026-02-01,yeti_water_bottle,Yeti,0.09159644831234137,6,3.738299040975264
2026-03-01,yeti_water_bottle,Yeti,0.07930365931396637,6,3.8176027002892305
2026-04-01,yeti_water_bottle,Yeti,0.07603636892002184,6,3.8936390692092524
2026-05-01,yeti_water_bottle,Yeti,0.07449916990368581,6,3.968138239112938
2026-06-01,yeti_water_bottle,Yeti,0.07567875511392401,6,4.043816994226862
